<?xml version="1.0"?>
<COLLADA xmlns="http://www.collada.org/2005/11/COLLADASchema" version="1.4.1">
	<asset>
		<contributor>
			<author>Assimp</author>
			<authoring_tool>Assimp Exporter</authoring_tool>
		</contributor>
		<created>2021-10-23T13:20:38</created>
		<modified>2021-10-23T13:20:38</modified>
		<unit name="meter" meter="1.000000" />
		<up_axis>Y_UP</up_axis>
	</asset>
	<library_effects>
		<effect id="Material-fx" name="Material">
			<profile_COMMON>
				<technique sid="standard">
					<phong>
						<diffuse>
							<color sid="diffuse">0.800000   0.800000   0.800000   1.000000</color>
						</diffuse>
					</phong>
				</technique>
			</profile_COMMON>
		</effect>
	</library_effects>
	<library_materials>
		<material id="Material" name="Material">
			<instance_effect url="#Material-fx"/>
		</material>
	</library_materials>
	<library_geometries>
		<geometry id="meshId0" name="meshId0_name" >
			<mesh>
				<source id="meshId0-positions" name="meshId0-positions">
					<float_array id="meshId0-positions-array" count="5628"> 
						-1.000000 -0.000000 -0.872064 -1.000000 -0.000000 0.872063 -0.707107 0.707107 0.872063 -0.707107 0.707107 -0.872064 -0.000000 -1.308919 -1.359366 -0.000000 -1.308919 -0.765033 -0.925546 -0.925546 -0.765033 -0.925546 -0.925546 -1.359365 0.597093 -0.000000 0.831117 0.597093 -0.000000 2.352219 0.422209 -0.422208 2.352219 0.422208 -0.422209 0.831117 -0.925546 -0.925546 -1.359365 -0.925546 -0.925546 -0.765033 -1.308919 0.000000 -0.765033 -1.308919 0.000000 -1.359365 -0.707107 0.707107 -0.872064 -0.707107 0.707107 0.872063 -0.000000 1.000000 0.872063 -0.000000 1.000000 -0.872064 0.925546 0.925546 -0.765033 -0.000000 1.308919 -0.765033 -0.925546 0.925546 -0.765033 -1.308919 0.000000 -0.765033 -0.925546 -0.925546 -0.765033 -0.000000 -1.308919 -0.765033 0.925546 -0.925546 -0.765033 1.308919 -0.000000 -0.765033 -0.000000 -0.597093 0.831117 -0.000000 -0.597093 2.352219 -0.422208 -0.422209 2.352219 -0.422208 -0.422209 0.831117 -0.925546 0.925546 -1.359365 -0.000000 1.308920 -1.359365 0.925546 0.925546 -1.359365 1.308919 -0.000000 -1.359365 0.925546 -0.925546 -1.359365 -0.000000 -1.308919 -1.359366 -0.925546 -0.925546 -1.359365 -1.308919 0.000000 -1.359365 -0.000000 1.000000 -0.872064 -0.000000 1.000000 0.872063 0.707107 0.707107 0.872063 0.707107 0.707107 -0.872064 0.925546 -0.925546 -1.359365 0.925546 -0.925546 -0.765033 -0.000000 -1.308919 -0.765033 -0.000000 -1.308919 -1.359366 -0.422208 -0.422209 0.831117 -0.422208 -0.422209 2.352219 -0.597093 0.000000 2.352219 -0.597093 -0.000000 0.831117 8.749915 -3.048570 -2.503344 2.180664 -0.000000 -1.956244 2.180664 -0.000000 -1.237767 8.749916 -3.048570 -2.200829 0.707107 0.707107 -0.872064 0.707107 0.707107 0.872063 1.000000 -0.000000 0.872063 1.000000 -0.000000 -0.872064 -1.541962 -1.541962 -1.956244 -1.541962 -1.541963 -1.237767 -2.180664 -0.000000 -1.237767 -2.180664 -0.000000 -1.956244 
						0.422209 0.422209 2.352219 -0.000000 0.597093 2.352219 -0.422209 0.422208 2.352219 -0.597093 0.000000 2.352219 -0.422208 -0.422209 2.352219 -0.000000 -0.597093 2.352219 0.422209 -0.422208 2.352219 0.597093 -0.000000 2.352219 1.541962 1.541962 -1.237767 -0.000000 2.180664 -1.237767 -1.541963 1.541962 -1.237768 -2.180664 -0.000000 -1.237767 -1.541962 -1.541963 -1.237767 -0.000000 -2.180664 -1.237767 1.541962 -1.541962 -1.237767 2.180664 -0.000000 -1.237767 1.000000 -0.000000 -0.872064 1.000000 -0.000000 0.872063 0.707107 -0.707107 0.872064 0.707107 -0.707107 -0.872064 -1.541962 1.541962 -1.956244 -0.000000 2.180664 -1.956244 1.541962 1.541962 -1.956244 2.180664 -0.000000 -1.956244 1.541962 -1.541962 -1.956244 -0.000000 -2.180664 -1.956244 -1.541962 -1.541962 -1.956244 -2.180664 -0.000000 -1.956244 -0.422209 0.422208 0.831117 -0.000000 0.597093 0.831117 0.422208 0.422209 0.831117 0.597093 -0.000000 0.831117 0.422208 -0.422209 0.831117 -0.000000 -0.597093 0.831117 -0.422208 -0.422209 0.831117 -0.597093 -0.000000 0.831117 1.541962 -1.541962 -1.956244 1.541962 -1.541962 -1.237767 -0.000000 -2.180664 -1.237767 -0.000000 -2.180664 -1.956244 -0.000000 -1.000000 -0.872064 -0.000000 -1.000000 0.872063 -0.707107 -0.707107 0.872063 -0.707107 -0.707107 -0.872064 0.422208 -0.422209 0.831117 0.422209 -0.422208 2.352219 -0.000000 -0.597093 2.352219 -0.000000 -0.597093 0.831117 -0.422209 0.422208 0.831117 -0.422209 0.422208 2.352219 -0.000000 0.597093 2.352219 -0.000000 0.597093 0.831117 -1.308919 0.000000 -1.359365 -1.308919 0.000000 -0.765033 -0.925546 0.925546 -0.765033 -0.925546 0.925546 -1.359365 -0.597093 -0.000000 0.831117 -0.597093 0.000000 2.352219 -0.422209 0.422208 2.352219 -0.422209 0.422208 0.831117 -0.925546 0.925546 -1.359365 -0.925546 0.925546 -0.765033 -0.000000 1.308919 -0.765033 -0.000000 1.308920 -1.359365 
						-0.000000 0.597093 0.831117 -0.000000 0.597093 2.352219 0.422209 0.422209 2.352219 0.422208 0.422209 0.831117 -0.000000 1.308920 -1.359365 -0.000000 1.308919 -0.765033 0.925546 0.925546 -0.765033 0.925546 0.925546 -1.359365 -0.707107 -0.707107 -0.872064 -0.707107 -0.707107 0.872063 -1.000000 -0.000000 0.872063 -1.000000 -0.000000 -0.872064 0.925546 0.925546 -1.359365 0.925546 0.925546 -0.765033 1.308919 -0.000000 -0.765033 1.308919 -0.000000 -1.359365 0.707107 0.707107 0.872063 -0.000000 1.000000 0.872063 -0.707107 0.707107 0.872063 -1.000000 -0.000000 0.872063 -0.707107 -0.707107 0.872063 -0.000000 -1.000000 0.872063 0.707107 -0.707107 0.872064 1.000000 -0.000000 0.872063 0.422208 0.422209 0.831117 0.422209 0.422209 2.352219 0.597093 -0.000000 2.352219 0.597093 -0.000000 0.831117 1.308919 -0.000000 -1.359365 1.308919 -0.000000 -0.765033 0.925546 -0.925546 -0.765033 0.925546 -0.925546 -1.359365 -0.707107 0.707107 -0.872064 -0.000000 1.000000 -0.872064 0.707107 0.707107 -0.872064 1.000000 -0.000000 -0.872064 0.707107 -0.707107 -0.872064 -0.000000 -1.000000 -0.872064 -0.707107 -0.707107 -0.872064 -1.000000 -0.000000 -0.872064 0.707107 -0.707107 -0.872064 0.707107 -0.707107 0.872064 -0.000000 -1.000000 0.872063 -0.000000 -1.000000 -0.872064 -8.342790 4.031460 -2.503345 -1.541962 1.541962 -1.956244 -2.180664 -0.000000 -1.956244 -8.749917 3.048569 -2.503345 -1.541962 1.541962 -1.956244 -1.541963 1.541962 -1.237768 -0.000000 2.180664 -1.237767 -0.000000 2.180664 -1.956244 -3.048570 -8.749915 -2.200829 -0.000000 -2.180664 -1.237767 -1.541962 -1.541963 -1.237767 -4.031461 -8.342790 -2.200829 1.541962 1.541962 -1.956244 1.541962 1.541962 -1.237767 2.180664 -0.000000 -1.237767 2.180664 -0.000000 -1.956244 8.342789 -4.031461 -2.200829 1.541962 -1.541962 -1.237767 1.541962 -1.541962 -1.956244 8.342789 -4.031461 -2.503345 
						-3.048570 -8.749915 -2.503345 -3.048570 -8.749915 -2.200829 -4.031461 -8.342790 -2.200829 -4.031461 -8.342790 -2.503345 -8.749917 3.048569 -2.503345 -8.749917 3.048569 -2.200828 -8.342791 4.031460 -2.200828 -8.342790 4.031460 -2.503345 3.048570 8.749914 -2.503345 3.048570 8.749914 -2.200828 4.031461 8.342788 -2.200828 4.031461 8.342788 -2.503345 8.749915 -3.048570 -2.503344 8.749916 -3.048570 -2.200829 8.342789 -4.031461 -2.200829 8.342789 -4.031461 -2.503345 -8.749917 3.048569 -2.200828 -2.180664 -0.000000 -1.237767 -1.541963 1.541962 -1.237768 -8.342791 4.031460 -2.200828 8.342789 -4.031461 -2.503345 1.541962 -1.541962 -1.956244 2.180664 -0.000000 -1.956244 8.749915 -3.048570 -2.503344 4.031461 8.342788 -2.200828 1.541962 1.541962 -1.237767 1.541962 1.541962 -1.956244 4.031461 8.342788 -2.503345 8.749916 -3.048570 -2.200829 2.180664 -0.000000 -1.237767 1.541962 -1.541962 -1.237767 8.342789 -4.031461 -2.200829 3.048570 8.749914 -2.503345 -0.000000 2.180664 -1.956244 -0.000000 2.180664 -1.237767 3.048570 8.749914 -2.200828 -4.031461 -8.342790 -2.200829 -1.541962 -1.541963 -1.237767 -1.541962 -1.541962 -1.956244 -4.031461 -8.342790 -2.503345 4.031461 8.342788 -2.503345 1.541962 1.541962 -1.956244 -0.000000 2.180664 -1.956244 3.048570 8.749914 -2.503345 -8.342791 4.031460 -2.200828 -1.541963 1.541962 -1.237768 -1.541962 1.541962 -1.956244 -8.342790 4.031460 -2.503345 -3.048570 -8.749915 -2.503345 -0.000000 -2.180664 -1.956244 -0.000000 -2.180664 -1.237767 -3.048570 -8.749915 -2.200829 3.048570 8.749914 -2.200828 -0.000000 2.180664 -1.237767 1.541962 1.541962 -1.237767 4.031461 8.342788 -2.200828 -4.031461 -8.342790 -2.503345 -1.541962 -1.541962 -1.956244 -0.000000 -2.180664 -1.956244 -3.048570 -8.749915 -2.503345 -8.749917 3.048569 -2.503345 -2.180664 -0.000000 -1.956244 -2.180664 -0.000000 -1.237767 -8.749917 3.048569 -2.200828 
						0.761790 -0.000000 2.303755 0.761790 -0.000000 2.546266 0.538667 -0.538667 2.546266 0.538667 -0.538667 2.303755 -0.000000 -0.761790 2.303755 -0.000000 -0.761790 2.546266 -0.538667 -0.538667 2.546266 -0.538667 -0.538667 2.303755 -0.538667 -0.538667 2.303755 -0.538667 -0.538667 2.546266 -0.761790 -0.000000 2.546266 -0.761790 -0.000000 2.303755 0.538667 0.538667 2.546266 0.000000 0.761790 2.546266 -0.538667 0.538667 2.546266 -0.761790 -0.000000 2.546266 -0.538667 -0.538667 2.546266 -0.000000 -0.761790 2.546266 0.538667 -0.538667 2.546266 0.761790 -0.000000 2.546266 -0.538667 0.538667 2.303755 0.000000 0.761790 2.303755 0.538667 0.538667 2.303755 0.761790 -0.000000 2.303755 0.538667 -0.538667 2.303755 -0.000000 -0.761790 2.303755 -0.538667 -0.538667 2.303755 -0.761790 -0.000000 2.303755 0.538667 -0.538667 2.303755 0.538667 -0.538667 2.546266 -0.000000 -0.761790 2.546266 -0.000000 -0.761790 2.303755 -0.538667 0.538667 2.303755 -0.538667 0.538667 2.546266 0.000000 0.761790 2.546266 0.000000 0.761790 2.303755 -0.761790 -0.000000 2.303755 -0.761790 -0.000000 2.546266 -0.538667 0.538667 2.546266 -0.538667 0.538667 2.303755 0.000000 0.761790 2.303755 0.000000 0.761790 2.546266 0.538667 0.538667 2.546266 0.538667 0.538667 2.303755 0.538667 0.538667 2.303755 0.538667 0.538667 2.546266 0.761790 -0.000000 2.546266 0.761790 -0.000000 2.303755 -2.335690 1.900374 2.518359 -2.335689 0.950187 2.518359 -2.335689 0.950187 2.763667 -2.335690 1.900374 2.763667 3.152814 1.900374 2.518359 1.780688 1.900374 2.518359 1.780688 1.900374 2.763667 3.152814 1.900374 2.763667 3.152814 -1.900374 2.518359 3.152814 -0.950187 2.518359 3.152814 -0.950187 2.763667 3.152814 -1.900374 2.763668 -2.335689 -1.900374 2.518359 -0.963564 -1.900374 2.518359 -0.963564 -1.900374 2.763668 -2.335689 -1.900374 2.763668 
						1.780688 -1.900374 2.518359 1.780688 -0.950187 2.518359 3.152814 -0.950187 2.518359 3.152814 -1.900374 2.518359 -0.963564 -1.900374 2.763668 -0.963564 -0.950187 2.763667 -2.335690 -0.950187 2.763667 -2.335689 -1.900374 2.763668 -1.309605 -5.533409 3.506569 -1.309605 5.533410 3.506569 -4.926907 5.533409 3.294417 -4.926907 -5.533410 3.294417 5.616508 5.533410 2.742938 -5.277432 5.533409 2.742938 -5.479954 5.533409 2.945460 -5.342254 5.533409 3.154389 -4.926907 5.533409 3.294417 -1.309605 5.533410 3.506569 2.307697 5.533409 3.538768 5.761262 5.533409 3.460940 5.924999 5.533410 3.293473 5.924999 5.533410 3.051429 -5.342253 -5.533409 3.154389 -4.926907 -5.533410 3.294417 -4.926907 5.533409 3.294417 -5.342254 5.533409 3.154389 -5.479954 5.533409 2.945460 -5.479954 -5.533410 2.945460 -5.342253 -5.533409 3.154389 -5.342254 5.533409 3.154389 -5.479954 5.533409 2.945460 -5.277432 5.533409 2.742938 -5.277432 -5.533409 2.742938 -5.479954 -5.533410 2.945460 -5.277432 -5.533409 2.742938 5.616508 -5.533409 2.742938 5.924999 -5.533409 3.051429 5.924999 -5.533409 3.293472 5.761263 -5.533410 3.460940 2.307697 -5.533410 3.538768 -1.309605 -5.533409 3.506569 -4.926907 -5.533410 3.294417 -5.342253 -5.533409 3.154389 -5.479954 -5.533410 2.945460 -5.277432 -5.533409 2.742938 -5.277432 5.533409 2.742938 5.616508 5.533410 2.742938 5.616508 -5.533409 2.742938 2.307697 -5.533410 3.538768 2.307697 5.533409 3.538768 -1.309605 5.533410 3.506569 -1.309605 -5.533409 3.506569 5.924999 5.533410 3.293473 5.761262 5.533409 3.460940 5.761263 -5.533410 3.460940 5.924999 -5.533409 3.293472 5.761263 -5.533410 3.460940 5.761262 5.533409 3.460940 2.307697 5.533409 3.538768 2.307697 -5.533410 3.538768 5.924999 -5.533409 3.051429 5.616508 -5.533409 2.742938 5.616508 5.533410 2.742938 5.924999 5.533410 3.051429 
						5.924999 -5.533409 3.051429 5.924999 5.533410 3.051429 5.924999 5.533410 3.293473 5.924999 -5.533409 3.293472 -0.963564 0.950187 2.763667 -0.963564 1.900374 2.763667 -2.335690 1.900374 2.763667 -2.335689 0.950187 2.763667 -0.963564 -0.000000 2.763667 -2.335689 -0.000000 2.763667 1.780688 0.950187 2.518359 1.780688 1.900374 2.518359 3.152814 1.900374 2.518359 3.152814 0.950187 2.518359 1.780688 0.000000 2.518359 3.152814 0.000000 2.518359 3.152814 0.950187 2.518359 3.152814 1.900374 2.518359 3.152814 1.900374 2.763667 3.152814 0.950187 2.763667 5.614083 0.000000 2.518359 5.614084 0.950187 2.518359 5.614084 0.950187 2.763667 3.152814 0.950187 2.763667 3.152814 -0.000000 2.763667 5.614083 0.000000 2.763667 -2.335690 -0.950187 2.518359 -2.335689 -1.900374 2.518359 -2.335689 -1.900374 2.763668 -2.335690 -0.950187 2.763667 -2.335690 -0.000000 2.518359 -2.335689 -0.000000 2.763667 -2.335690 -0.950187 2.518359 -2.335690 -0.000000 2.518359 -0.963563 -0.000000 2.518359 -0.963563 -0.950187 2.518359 0.408562 -0.000000 2.518359 0.408562 -0.950187 2.518359 -2.335689 0.950187 2.518359 -0.963564 0.950187 2.518359 0.408562 0.950187 2.518359 -2.335690 1.900374 2.518359 -0.963563 1.900374 2.518359 0.408562 1.900374 2.518359 3.152814 -0.950187 2.763667 1.780688 0.000000 2.763667 1.780688 -0.950187 2.763667 0.408562 -0.000000 2.763667 0.408562 -0.950187 2.763667 1.780688 0.950187 2.763667 0.408562 0.950187 2.763667 3.152814 1.900374 2.763667 1.780688 1.900374 2.763667 0.408562 1.900374 2.763667 3.152814 -1.900374 2.763668 1.780688 -1.900374 2.763668 0.408562 -1.900374 2.763668 -2.335689 -1.900374 2.518359 -0.963564 -1.900374 2.518359 0.408562 -1.900374 2.518359 1.780688 -1.900374 2.518359 3.152814 -1.900374 2.518359 3.152814 -1.900374 2.763668 1.780688 -1.900374 2.763668 
						1.780688 -5.527976 2.518359 1.780688 -1.900374 2.518359 1.780688 -1.900374 2.763668 1.780688 -5.527976 2.763667 -0.963564 -5.527976 2.763667 -0.963564 -1.900374 2.763668 -0.963564 -1.900374 2.518359 -0.963564 -5.527976 2.518359 -0.963563 1.900374 2.518359 -2.335690 1.900374 2.518359 -2.335690 1.900374 2.763667 -0.963564 1.900374 2.763667 0.408562 5.519420 2.518359 -0.963564 5.519420 2.518359 -0.963564 5.519420 2.518359 -0.963563 1.900374 2.518359 -0.963564 1.900374 2.763667 -0.963564 5.519420 2.763667 5.935962 -0.000000 2.590150 5.614083 0.000000 2.518359 5.614084 0.950187 2.518359 5.935962 0.950187 2.590150 5.658961 0.000000 2.795082 5.614083 0.000000 2.763667 5.614084 -0.950187 2.763667 5.658961 -0.950187 2.795082 5.614084 -0.950187 2.763667 5.614084 -0.950187 2.763667 3.152814 -0.950187 2.763667 3.152814 -0.950187 2.518359 5.614084 -0.950187 2.518359 5.614084 0.950187 2.518359 3.152814 0.950187 2.518359 3.152814 0.950187 2.763667 5.614084 0.950187 2.763667 5.614084 -0.950187 2.518359 5.912937 0.950187 3.051063 5.658961 0.950187 2.795082 5.658961 0.000000 2.795082 5.912937 0.000000 3.051064 6.387527 0.950187 2.968528 5.935962 0.950187 2.590150 5.658961 0.950187 2.795082 5.912937 0.950187 3.051063 5.658961 -0.950187 2.795082 5.935962 -0.950187 2.590151 5.658961 0.950187 2.795082 5.614084 0.950187 2.763667 5.935962 -0.950187 2.590151 5.614084 -0.950187 2.518359 6.422523 -0.000000 3.192134 6.387527 0.000000 2.968528 6.387527 0.950187 2.968528 6.422523 0.950187 3.192134 5.918551 0.000000 3.191761 5.912937 0.000000 3.051064 5.912937 -0.950187 3.051064 5.918551 -0.950187 3.191761 6.387527 -0.950187 2.968529 5.935962 -0.950187 2.590151 5.935962 -0.000000 2.590150 6.387527 0.000000 2.968528 5.658961 -0.950187 2.795082 5.912937 -0.950187 3.051064 
						5.935962 0.950187 2.590150 6.387527 0.950187 2.968528 5.912937 -0.950187 3.051064 6.387527 -0.950187 2.968529 6.422522 -0.950187 4.721828 6.422522 -0.950187 3.192134 6.422523 -0.000000 3.192134 6.422522 -0.000000 4.721828 5.918551 0.950187 4.721454 5.918551 0.950187 3.191761 5.918551 0.000000 3.191761 5.918551 -0.000000 4.721454 5.918551 -0.950187 3.191761 6.422522 -0.950187 3.192134 6.422523 0.950187 3.192134 5.918551 0.950187 3.191761 5.918551 0.950187 3.191761 5.912937 0.950187 3.051063 6.422522 -0.950187 3.192134 6.387527 -0.950187 2.968529 6.422523 -0.000000 8.216882 6.422523 0.950187 4.721828 6.422523 0.950187 8.216882 5.918551 -0.000000 8.216509 5.918551 -0.950187 4.721454 5.918551 -0.950187 8.216509 5.918551 -0.950187 3.191761 6.422523 0.950187 3.192134 5.918551 -0.950187 4.721454 6.422522 -0.950187 4.721828 6.422523 0.950187 4.721828 5.918551 0.950187 4.721454 0.408562 6.156215 2.518359 -0.963564 6.156215 2.518359 1.780688 -5.527976 2.763667 0.408562 -5.527976 2.763667 0.408562 -5.527976 2.518359 1.780688 -5.527976 2.518359 -0.963564 -5.527976 2.763667 -0.963564 -5.527976 2.518359 -0.963564 6.156215 2.518359 -0.963564 6.156215 2.763667 0.408562 5.519420 2.763667 1.780688 5.519421 2.763667 1.780688 5.519421 2.518359 1.780688 5.519421 2.763667 1.780688 1.900374 2.763667 1.780688 1.900374 2.518359 1.780688 5.519421 2.518359 -0.963564 5.519420 2.763667 1.780688 6.375234 2.791514 1.780688 6.156215 2.763667 1.780688 6.156215 2.518359 1.780688 6.557505 2.562812 -0.963564 6.375233 2.791514 -0.963564 6.156215 2.763667 0.408562 6.156215 2.763667 0.408562 6.375234 2.791514 -0.963564 6.156215 2.763667 0.408562 6.156215 2.763667 1.780688 6.156215 2.763667 1.780688 6.156215 2.518359 1.780688 6.447196 2.846594 1.780688 6.885324 2.725362 
						0.408562 6.885324 2.725362 0.408562 6.557505 2.562811 -0.963563 6.557505 2.562812 -0.963563 6.885324 2.725362 1.780688 6.156215 2.763667 1.780688 6.375234 2.791514 1.780688 6.557505 2.562812 1.780688 6.156215 2.518359 0.408562 6.156215 2.518359 0.408562 6.557505 2.562811 -0.963563 6.557505 2.562812 -0.963564 6.375233 2.791514 -0.963564 6.156215 2.518359 -0.963563 6.557505 2.562812 -0.963563 6.985394 2.986068 -0.963563 6.885324 2.725362 -0.963563 6.447197 2.846594 -0.963563 6.482095 2.998739 1.780688 6.482095 2.998739 1.780688 6.985394 2.986068 -0.963563 6.447197 2.846594 -0.963564 6.375233 2.791514 0.408562 6.375234 2.791514 0.408562 6.447197 2.846594 1.780688 6.885324 2.725362 1.780688 6.557505 2.562812 1.780688 6.375234 2.791514 1.780688 6.447196 2.846594 0.408562 6.987459 3.204397 0.408562 6.985394 2.986068 -0.963563 6.985394 2.986068 -0.963563 6.987459 3.204397 0.408562 6.483491 3.205257 0.408562 6.482095 2.998739 1.780688 6.482095 2.998739 1.780687 6.483490 3.205257 -0.963563 6.482095 2.998739 -0.963563 6.447197 2.846594 0.408562 6.447197 2.846594 0.408562 6.482095 2.998739 1.780688 6.985394 2.986068 1.780688 6.885324 2.725362 0.408562 6.885324 2.725362 0.408562 6.985394 2.986068 1.780688 6.447196 2.846594 1.780688 6.482095 2.998739 -0.963563 6.885324 2.725362 -0.963563 6.985394 2.986068 -0.963563 6.493542 4.711155 -0.963563 6.483491 3.205257 0.408562 6.483491 3.205257 0.408562 6.493542 4.711155 -0.963563 6.997511 4.710295 -0.963563 6.987459 3.204397 -0.963563 6.483491 3.205257 -0.963563 6.493542 4.711155 1.780687 6.483490 3.205257 1.780687 6.987459 3.204397 -0.963563 6.483491 3.205257 -0.963563 6.482095 2.998739 1.780687 6.987459 3.204397 1.780688 6.985394 2.986068 0.408562 6.997510 4.710295 -0.963563 6.997511 4.710295 
						-0.963563 6.493542 4.711155 0.408562 6.493542 4.711155 1.780687 6.997510 4.710295 1.780687 6.493541 4.711155 1.780687 6.997510 4.710295 1.780687 6.987459 3.204397 0.408562 6.987459 3.204397 0.408562 6.997510 4.710295 1.780687 6.483490 3.205257 1.780687 6.493541 4.711155 -0.963563 6.987459 3.204397 -0.963563 6.997511 4.710295 1.780687 6.493541 4.711155 1.780687 6.997510 4.710295 -0.963560 -6.381596 2.791518 -0.963560 -6.162577 2.763670 -0.963561 -6.162576 2.518362 -0.963560 -6.563867 2.562815 1.780691 -6.381596 2.791518 1.780690 -6.162576 2.763670 0.408565 -6.162576 2.763670 0.408565 -6.381596 2.791518 -0.963560 -6.453559 2.846597 -0.963560 -6.891686 2.725364 0.408565 -6.891685 2.725364 0.408565 -6.563867 2.562815 1.780689 -6.563865 2.562815 1.780689 -6.891685 2.725364 -0.963560 -6.162577 2.763670 -0.963560 -6.381596 2.791518 -0.963560 -6.563867 2.562815 -0.963561 -6.162576 2.518362 0.408565 -6.162576 2.518362 0.408565 -6.563867 2.562815 1.780689 -6.563865 2.562815 1.780690 -6.162576 2.518362 1.780690 -6.162576 2.763670 1.780691 -6.381596 2.791518 1.780690 -6.162576 2.518362 1.780689 -6.563865 2.562815 1.780689 -6.991755 2.986070 1.780689 -6.891685 2.725364 1.780689 -6.453558 2.846597 1.780690 -6.488455 2.998742 -0.963560 -6.488457 2.998742 -0.963560 -6.991755 2.986070 1.780689 -6.453558 2.846597 1.780691 -6.381596 2.791518 0.408565 -6.381596 2.791518 0.408565 -6.453560 2.846597 -0.963560 -6.891686 2.725364 -0.963560 -6.563867 2.562815 -0.963560 -6.381596 2.791518 -0.963560 -6.453559 2.846597 0.408565 -6.993821 3.204400 0.408565 -6.991755 2.986070 1.780689 -6.991755 2.986070 1.780689 -6.993820 3.204400 0.408565 -6.489853 3.205260 0.408565 -6.488457 2.998742 -0.963560 -6.488457 2.998742 -0.963560 -6.489853 3.205260 1.780690 -6.488455 2.998742 1.780689 -6.453558 2.846597 
						0.408565 -6.453560 2.846597 0.408565 -6.488457 2.998742 -0.963560 -6.991755 2.986070 -0.963560 -6.891686 2.725364 0.408565 -6.891685 2.725364 0.408565 -6.991755 2.986070 -0.963560 -6.453559 2.846597 -0.963560 -6.488457 2.998742 1.780689 -6.891685 2.725364 1.780689 -6.991755 2.986070 1.780689 -6.499902 4.711159 1.780689 -6.489851 3.205260 0.408565 -6.489853 3.205260 0.408565 -6.499903 4.711159 1.780689 -7.003871 4.710298 1.780689 -6.993820 3.204400 1.780689 -6.489851 3.205260 1.780689 -6.499902 4.711159 -0.963560 -6.489853 3.205260 -0.963560 -6.993821 3.204400 1.780689 -6.489851 3.205260 1.780690 -6.488455 2.998742 -0.963560 -6.993821 3.204400 -0.963560 -6.991755 2.986070 0.408565 -7.003870 4.710298 1.780689 -7.003871 4.710298 1.780689 -6.499902 4.711159 0.408565 -6.499903 4.711159 -0.963560 -7.003871 4.710298 -0.963560 -6.499903 4.711159 -0.963560 -7.003871 4.710298 -0.963560 -6.993821 3.204400 0.408565 -6.993821 3.204400 0.408565 -7.003870 4.710298 -0.963560 -6.489853 3.205260 -0.963560 -6.499903 4.711159 1.780689 -6.993820 3.204400 1.780689 -7.003871 4.710298 -0.963560 -6.499903 4.711159 -0.963560 -7.003871 4.710298 -0.963564 -5.527976 2.518359 0.408562 -5.527976 2.518359 0.408565 -6.162576 2.518362 0.408565 -6.162576 2.518362 -0.963561 -6.162576 2.518362 -0.963564 -5.527976 2.518359 0.408562 -5.527976 2.518359 1.780688 -5.527976 2.518359 1.780690 -6.162576 2.518362 1.780690 -6.162576 2.518362 0.408565 -6.162576 2.518362 0.408562 -5.527976 2.518359 -0.963564 -5.527976 2.763667 -0.963564 -5.527976 2.518359 -0.963561 -6.162576 2.518362 -0.963560 -6.162577 2.763670 0.408562 -5.527976 2.763667 -0.963564 -5.527976 2.763667 -0.963560 -6.162577 2.763670 0.408565 -6.162576 2.763670 1.780688 -5.527976 2.763667 0.408562 -5.527976 2.763667 0.408565 -6.162576 2.763670 0.408565 -6.162576 2.763670 
						1.780690 -6.162576 2.763670 1.780688 -5.527976 2.763667 1.780690 -6.162576 2.518362 1.780688 -5.527976 2.518359 1.780688 -5.527976 2.763667 1.780690 -6.162576 2.763670 4.291130 5.548133 8.111850 4.773661 0.000000 8.111849 5.249487 -0.000000 9.872493 4.997087 5.581344 9.872494 6.130072 -5.484541 4.740710 6.130070 -5.584563 10.043103 5.714000 -5.586423 10.141677 5.284767 -5.585159 10.074655 4.997087 -5.581345 9.872493 4.291131 -5.548133 8.111850 4.197533 -5.514921 6.351203 4.426254 -5.499066 5.510727 4.654976 -5.483212 4.670253 4.999029 -5.481708 4.590557 5.496294 -5.481708 4.590557 5.692682 -0.000001 10.074655 5.249487 -0.000000 9.872493 4.997087 -5.581345 9.872493 5.284767 -5.585159 10.074655 5.714000 -5.586423 10.141677 5.992923 -0.000000 10.141677 5.692682 -0.000001 10.074655 5.284767 -5.585159 10.074655 5.992923 -0.000000 10.141677 6.215612 -0.000000 10.043105 6.130070 5.584563 10.043106 5.714000 5.586422 10.141678 6.130070 5.584563 10.043106 6.130071 5.484541 4.740709 5.496294 5.481710 4.590557 4.999029 5.481711 4.590557 4.654976 5.483213 4.670253 4.426254 5.499067 5.510728 4.197533 5.514921 6.351203 4.291130 5.548133 8.111850 4.997087 5.581344 9.872494 5.284767 5.585157 10.074656 5.714000 5.586422 10.141678 6.130070 5.584563 10.043106 6.215612 -0.000000 10.043105 6.130071 0.000000 4.740709 6.130071 5.484541 4.740709 4.197533 5.514921 6.351203 4.680064 0.000000 6.351202 4.773661 0.000000 8.111849 4.291130 5.548133 8.111850 4.874321 0.000001 4.590557 4.491407 0.000000 4.670253 4.654976 5.483213 4.670253 4.999029 5.481711 4.590557 4.426254 5.499067 5.510728 4.593752 -0.063627 5.510727 4.680064 0.000000 6.351202 4.197533 5.514921 6.351203 5.463562 0.000002 4.590557 6.130071 0.000000 4.740709 6.130072 -5.484541 4.740710 5.496294 -5.481708 4.590557 
						5.496294 5.481710 4.590557 5.463562 0.000002 4.590557 4.874321 0.000001 4.590557 4.999029 5.481711 4.590557 5.463562 0.000002 4.590557 5.496294 -5.481708 4.590557 4.999029 -5.481708 4.590557 4.874321 0.000001 4.590557 5.496294 5.481710 4.590557 6.130071 5.484541 4.740709 6.130071 0.000000 4.740709 5.463562 0.000002 4.590557 4.593752 -0.063627 5.510727 4.426254 -5.499066 5.510727 4.197533 -5.514921 6.351203 4.680064 0.000000 6.351202 4.999029 -5.481708 4.590557 4.654976 -5.483212 4.670253 4.491407 0.000000 4.670253 4.874321 0.000001 4.590557 4.680064 0.000000 6.351202 4.197533 -5.514921 6.351203 4.291131 -5.548133 8.111850 4.773661 0.000000 8.111849 6.215612 -0.000000 10.043105 6.130070 -5.584563 10.043103 6.130072 -5.484541 4.740710 6.130071 0.000000 4.740709 5.714000 -5.586423 10.141677 6.130070 -5.584563 10.043103 6.215612 -0.000000 10.043105 5.992923 -0.000000 10.141677 5.992923 -0.000000 10.141677 5.714000 5.586422 10.141678 5.284767 5.585157 10.074656 5.692682 -0.000001 10.074655 5.284767 5.585157 10.074656 4.997087 5.581344 9.872494 5.249487 -0.000000 9.872493 5.692682 -0.000001 10.074655 4.773661 0.000000 8.111849 4.291131 -5.548133 8.111850 4.997087 -5.581345 9.872493 5.249487 -0.000000 9.872493 4.491407 0.000000 4.670253 4.654976 -5.483212 4.670253 4.426254 -5.499066 5.510727 4.593752 -0.063627 5.510727 4.654976 5.483213 4.670253 4.491407 0.000000 4.670253 4.593752 -0.063627 5.510727 4.426254 5.499067 5.510728 6.422523 -0.000000 8.216882 6.422523 0.950187 8.216882 5.918551 0.950187 8.216510 5.918551 -0.000000 8.216509 6.422523 -0.950187 8.216882 5.918551 -0.950187 8.216509 5.918551 -0.950187 8.216509 6.422523 -0.950187 8.216882 6.422523 0.950187 8.216882 5.918551 0.950187 8.216510 5.918551 0.950187 8.216510 6.422523 -0.950187 8.216882 
						3.037271 -6.399323 4.701425 -2.229784 -6.399323 4.701425 -1.902598 -6.399323 4.847229 -1.008707 -6.399323 4.953965 0.212369 -6.399323 4.993032 2.094285 -6.399323 4.993032 2.761076 -6.399323 4.907622 -2.229784 -7.108094 4.701425 3.037270 -7.108094 4.701425 2.761076 -7.108094 4.907622 2.094285 -7.108094 4.993032 0.212369 -7.108095 4.993032 -1.008708 -7.108094 4.953965 -1.902598 -7.108094 4.847229 -2.229784 -7.108094 4.701425 -2.229784 -6.399323 4.701425 3.037271 -6.399323 4.701425 3.037270 -7.108094 4.701425 3.037270 7.086134 4.701426 -2.229784 7.086134 4.701426 -1.902598 7.086135 4.847228 -1.008708 7.086134 4.953964 0.212369 7.086134 4.993031 2.094285 7.086135 4.993031 2.761076 7.086136 4.907623 -1.008708 -7.108094 4.953965 0.212369 -7.108095 4.993032 0.212369 -6.399323 4.993032 -1.008707 -6.399323 4.953965 -1.902598 -7.108094 4.847229 -1.008708 -7.108094 4.953965 -1.008707 -6.399323 4.953965 -1.902598 -6.399323 4.847229 -2.229784 -7.108094 4.701425 -1.902598 -7.108094 4.847229 -1.902598 -6.399323 4.847229 -2.229784 -6.399323 4.701425 2.094285 -7.108094 4.993032 2.094285 -6.399323 4.993032 0.212369 -6.399323 4.993032 0.212369 -7.108095 4.993032 2.761076 -6.399323 4.907622 2.094285 -6.399323 4.993032 2.094285 -7.108094 4.993032 2.761076 -7.108094 4.907622 3.037271 -6.399323 4.701425 2.761076 -6.399323 4.907622 2.761076 -7.108094 4.907622 3.037270 -7.108094 4.701425 -2.229784 6.377364 4.701426 3.037270 6.377364 4.701426 2.761076 6.377365 4.907623 2.094285 6.377364 4.993031 0.212369 6.377364 4.993031 -1.008708 6.377364 4.953964 -1.902597 6.377365 4.847228 -2.229784 6.377364 4.701426 -2.229784 7.086134 4.701426 3.037270 7.086134 4.701426 3.037270 6.377364 4.701426 -1.008708 6.377364 4.953964 0.212369 6.377364 4.993031 0.212369 7.086134 4.993031 -1.008708 7.086134 4.953964 
						-1.902597 6.377365 4.847228 -1.008708 6.377364 4.953964 -1.008708 7.086134 4.953964 -1.902598 7.086135 4.847228 -2.229784 6.377364 4.701426 -1.902597 6.377365 4.847228 -1.902598 7.086135 4.847228 -2.229784 7.086134 4.701426 2.094285 6.377364 4.993031 2.094285 7.086135 4.993031 0.212369 7.086134 4.993031 0.212369 6.377364 4.993031 2.761076 7.086136 4.907623 2.094285 7.086135 4.993031 2.094285 6.377364 4.993031 2.761076 6.377365 4.907623 3.037270 7.086134 4.701426 2.761076 7.086136 4.907623 2.761076 6.377365 4.907623 3.037270 6.377364 4.701426 8.765487 -3.564328 -2.799182 8.765486 -3.683286 -2.799182 8.898488 -3.683286 -2.642888 8.898488 -3.564328 -2.642888 8.898488 -3.564328 -2.642888 8.898488 -3.683286 -2.642888 8.765485 -3.683286 -2.486595 8.765484 -3.564328 -2.486595 8.158648 -3.451206 -2.739158 8.444387 -3.451206 -2.796768 8.730126 -3.451206 -2.739158 8.812049 -3.451206 -2.642889 8.730126 -3.451206 -2.546619 8.444387 -3.451206 -2.489010 8.158648 -3.451206 -2.546619 8.076726 -3.451206 -2.642888 7.990289 -3.564328 -2.642888 7.990290 -3.683286 -2.642888 8.123290 -3.683285 -2.799182 8.123289 -3.564328 -2.799182 8.123289 -3.564328 -2.486595 8.123290 -3.683286 -2.486595 7.990290 -3.683286 -2.642888 7.990289 -3.564328 -2.642888 8.123289 -3.564328 -2.799182 8.123290 -3.683285 -2.799182 8.444387 -3.683286 -2.863921 8.444386 -3.564328 -2.863921 8.444386 -3.564328 -2.421856 8.444387 -3.683286 -2.421856 8.123290 -3.683286 -2.486595 8.123289 -3.564328 -2.486595 8.765484 -3.564328 -2.486595 8.765485 -3.683286 -2.486595 8.444387 -3.683286 -2.421856 8.444386 -3.564328 -2.421856 8.444387 -3.451206 -2.796768 8.444386 -3.564328 -2.863921 8.765487 -3.564328 -2.799182 8.730126 -3.451206 -2.739158 8.730126 -3.451206 -2.739158 8.765487 -3.564328 -2.799182 8.898488 -3.564328 -2.642888 8.812049 -3.451206 -2.642889 
						8.812049 -3.451206 -2.642889 8.898488 -3.564328 -2.642888 8.765484 -3.564328 -2.486595 8.730126 -3.451206 -2.546619 8.730126 -3.451206 -2.546619 8.765484 -3.564328 -2.486595 8.444386 -3.564328 -2.421856 8.444387 -3.451206 -2.489010 8.444387 -3.451206 -2.489010 8.444386 -3.564328 -2.421856 8.123289 -3.564328 -2.486595 8.158648 -3.451206 -2.546619 8.158648 -3.451206 -2.546619 8.123289 -3.564328 -2.486595 7.990289 -3.564328 -2.642888 8.076726 -3.451206 -2.642888 8.076726 -3.451206 -2.642888 7.990289 -3.564328 -2.642888 8.123289 -3.564328 -2.799182 8.158648 -3.451206 -2.739158 8.158648 -3.451206 -2.739158 8.123289 -3.564328 -2.799182 8.444386 -3.564328 -2.863921 8.444387 -3.451206 -2.796768 8.727657 -3.804309 -2.734965 8.444387 -3.804309 -2.792077 8.161119 -3.804309 -2.734965 8.082764 -3.804309 -2.642888 8.161119 -3.804309 -2.550812 8.444387 -3.804309 -2.493700 8.727655 -3.804309 -2.550812 8.806012 -3.804309 -2.642888 8.444387 -3.683286 -2.863921 8.444387 -3.804309 -2.792077 8.727657 -3.804309 -2.734965 8.765486 -3.683286 -2.799182 8.765486 -3.683286 -2.799182 8.727657 -3.804309 -2.734965 8.806012 -3.804309 -2.642888 8.898488 -3.683286 -2.642888 8.898488 -3.683286 -2.642888 8.806012 -3.804309 -2.642888 8.727655 -3.804309 -2.550812 8.765485 -3.683286 -2.486595 8.765485 -3.683286 -2.486595 8.727655 -3.804309 -2.550812 8.444387 -3.804309 -2.493700 8.444387 -3.683286 -2.421856 8.444387 -3.683286 -2.421856 8.444387 -3.804309 -2.493700 8.161119 -3.804309 -2.550812 8.123290 -3.683286 -2.486595 8.123290 -3.683286 -2.486595 8.161119 -3.804309 -2.550812 8.082764 -3.804309 -2.642888 7.990290 -3.683286 -2.642888 7.990290 -3.683286 -2.642888 8.082764 -3.804309 -2.642888 8.161119 -3.804309 -2.734965 8.123290 -3.683285 -2.799182 8.123290 -3.683285 -2.799182 8.161119 -3.804309 -2.734965 8.444387 -3.804309 -2.792077 8.444387 -3.683286 -2.863921 
						8.444386 -3.564328 -2.863921 8.444387 -3.683286 -2.863921 8.765486 -3.683286 -2.799182 8.765487 -3.564328 -2.799182 8.765486 -3.213564 -2.799182 8.765485 -3.332521 -2.799182 8.898487 -3.332521 -2.642888 8.898486 -3.213564 -2.642888 8.898486 -3.213564 -2.642888 8.898487 -3.332521 -2.642888 8.765485 -3.332521 -2.486595 8.765486 -3.213564 -2.486595 8.158648 -3.100441 -2.739158 8.444387 -3.100441 -2.796768 8.730127 -3.100441 -2.739157 8.812049 -3.100441 -2.642888 8.730125 -3.100441 -2.546619 8.444387 -3.100442 -2.489010 8.158648 -3.100441 -2.546619 8.076727 -3.100442 -2.642888 7.990289 -3.213564 -2.642888 7.990289 -3.332521 -2.642888 8.123291 -3.332521 -2.799182 8.123290 -3.213564 -2.799182 8.123290 -3.213564 -2.486595 8.123291 -3.332521 -2.486595 7.990289 -3.332521 -2.642888 7.990289 -3.213564 -2.642888 8.123290 -3.213564 -2.799182 8.123291 -3.332521 -2.799182 8.444388 -3.332521 -2.863921 8.444387 -3.213564 -2.863921 8.444386 -3.213564 -2.421856 8.444386 -3.332521 -2.421856 8.123291 -3.332521 -2.486595 8.123290 -3.213564 -2.486595 8.765486 -3.213564 -2.486595 8.765485 -3.332521 -2.486595 8.444386 -3.332521 -2.421856 8.444386 -3.213564 -2.421856 8.444387 -3.100441 -2.796768 8.444387 -3.213564 -2.863921 8.765486 -3.213564 -2.799182 8.730127 -3.100441 -2.739157 8.730127 -3.100441 -2.739157 8.765486 -3.213564 -2.799182 8.898486 -3.213564 -2.642888 8.812049 -3.100441 -2.642888 8.812049 -3.100441 -2.642888 8.898486 -3.213564 -2.642888 8.765486 -3.213564 -2.486595 8.730125 -3.100441 -2.546619 8.730125 -3.100441 -2.546619 8.765486 -3.213564 -2.486595 8.444386 -3.213564 -2.421856 8.444387 -3.100442 -2.489010 8.444387 -3.100442 -2.489010 8.444386 -3.213564 -2.421856 8.123290 -3.213564 -2.486595 8.158648 -3.100441 -2.546619 8.158648 -3.100441 -2.546619 8.123290 -3.213564 -2.486595 7.990289 -3.213564 -2.642888 8.076727 -3.100442 -2.642888 
						8.076727 -3.100442 -2.642888 7.990289 -3.213564 -2.642888 8.123290 -3.213564 -2.799182 8.158648 -3.100441 -2.739158 8.158648 -3.100441 -2.739158 8.123290 -3.213564 -2.799182 8.444387 -3.213564 -2.863921 8.444387 -3.100441 -2.796768 8.727656 -3.453544 -2.734965 8.444386 -3.453545 -2.792077 8.161119 -3.453545 -2.734965 8.082764 -3.453545 -2.642888 8.161119 -3.453545 -2.550812 8.444386 -3.453545 -2.493700 8.727654 -3.453545 -2.550812 8.806011 -3.453545 -2.642889 8.444388 -3.332521 -2.863921 8.444386 -3.453545 -2.792077 8.727656 -3.453544 -2.734965 8.765485 -3.332521 -2.799182 8.765485 -3.332521 -2.799182 8.727656 -3.453544 -2.734965 8.806011 -3.453545 -2.642889 8.898487 -3.332521 -2.642888 8.898487 -3.332521 -2.642888 8.806011 -3.453545 -2.642889 8.727654 -3.453545 -2.550812 8.765485 -3.332521 -2.486595 8.765485 -3.332521 -2.486595 8.727654 -3.453545 -2.550812 8.444386 -3.453545 -2.493700 8.444386 -3.332521 -2.421856 8.444386 -3.332521 -2.421856 8.444386 -3.453545 -2.493700 8.161119 -3.453545 -2.550812 8.123291 -3.332521 -2.486595 8.123291 -3.332521 -2.486595 8.161119 -3.453545 -2.550812 8.082764 -3.453545 -2.642888 7.990289 -3.332521 -2.642888 7.990289 -3.332521 -2.642888 8.082764 -3.453545 -2.642888 8.161119 -3.453545 -2.734965 8.123291 -3.332521 -2.799182 8.123291 -3.332521 -2.799182 8.161119 -3.453545 -2.734965 8.444386 -3.453545 -2.792077 8.444388 -3.332521 -2.863921 8.444387 -3.213564 -2.863921 8.444388 -3.332521 -2.863921 8.765485 -3.332521 -2.799182 8.765486 -3.213564 -2.799182 3.742314 8.331284 -2.799182 3.811495 8.234512 -2.799182 3.919692 8.311861 -2.642888 3.850511 8.408633 -2.642888 3.850511 8.408633 -2.642888 3.919692 8.311861 -2.642888 3.811495 8.234512 -2.486594 3.742313 8.331284 -2.486594 3.182864 8.070395 -2.739157 3.415313 8.236568 -2.796767 3.647761 8.402745 -2.739157 3.714405 8.450390 -2.642888 
						3.647761 8.402743 -2.546619 3.415312 8.236568 -2.489009 3.182865 8.070395 -2.546619 3.116221 8.022751 -2.642888 3.111691 7.880456 -2.642888 3.180873 7.783684 -2.642888 3.289071 7.861035 -2.799182 3.219888 7.957806 -2.799182 3.219888 7.957806 -2.486594 3.289071 7.861034 -2.486594 3.180873 7.783684 -2.642888 3.111691 7.880456 -2.642888 3.219888 7.957806 -2.799182 3.289071 7.861035 -2.799182 3.550282 8.047772 -2.863921 3.481101 8.144545 -2.863921 3.481101 8.144545 -2.421856 3.550282 8.047773 -2.421855 3.289071 7.861034 -2.486594 3.219888 7.957806 -2.486594 3.742313 8.331284 -2.486594 3.811495 8.234512 -2.486594 3.550282 8.047773 -2.421855 3.481101 8.144545 -2.421856 3.415313 8.236568 -2.796767 3.481101 8.144545 -2.863921 3.742314 8.331284 -2.799182 3.647761 8.402745 -2.739157 3.647761 8.402745 -2.739157 3.742314 8.331284 -2.799182 3.850511 8.408633 -2.642888 3.714405 8.450390 -2.642888 3.714405 8.450390 -2.642888 3.850511 8.408633 -2.642888 3.742313 8.331284 -2.486594 3.647761 8.402743 -2.546619 3.647761 8.402743 -2.546619 3.742313 8.331284 -2.486594 3.481101 8.144545 -2.421856 3.415312 8.236568 -2.489009 3.415312 8.236568 -2.489009 3.481101 8.144545 -2.421856 3.219888 7.957806 -2.486594 3.182865 8.070395 -2.546619 3.182865 8.070395 -2.546619 3.219888 7.957806 -2.486594 3.111691 7.880456 -2.642888 3.116221 8.022751 -2.642888 3.116221 8.022751 -2.642888 3.111691 7.880456 -2.642888 3.219888 7.957806 -2.799182 3.182864 8.070395 -2.739157 3.182864 8.070395 -2.739157 3.219888 7.957806 -2.799182 3.481101 8.144545 -2.863921 3.415313 8.236568 -2.796767 3.851105 8.114060 -2.734965 3.620665 7.949321 -2.792077 3.390227 7.784582 -2.734965 3.326486 7.739012 -2.642888 3.390228 7.784581 -2.550812 3.620665 7.949321 -2.493699 3.851104 8.114059 -2.550812 3.914845 8.159628 -2.642888 
						3.550282 8.047772 -2.863921 3.620665 7.949321 -2.792077 3.851105 8.114060 -2.734965 3.811495 8.234512 -2.799182 3.811495 8.234512 -2.799182 3.851105 8.114060 -2.734965 3.914845 8.159628 -2.642888 3.919692 8.311861 -2.642888 3.919692 8.311861 -2.642888 3.914845 8.159628 -2.642888 3.851104 8.114059 -2.550812 3.811495 8.234512 -2.486594 3.811495 8.234512 -2.486594 3.851104 8.114059 -2.550812 3.620665 7.949321 -2.493699 3.550282 8.047773 -2.421855 3.550282 8.047773 -2.421855 3.620665 7.949321 -2.493699 3.390228 7.784581 -2.550812 3.289071 7.861034 -2.486594 3.289071 7.861034 -2.486594 3.390228 7.784581 -2.550812 3.326486 7.739012 -2.642888 3.180873 7.783684 -2.642888 3.180873 7.783684 -2.642888 3.326486 7.739012 -2.642888 3.390227 7.784582 -2.734965 3.289071 7.861035 -2.799182 3.289071 7.861035 -2.799182 3.390227 7.784582 -2.734965 3.620665 7.949321 -2.792077 3.550282 8.047772 -2.863921 3.481101 8.144545 -2.863921 3.550282 8.047772 -2.863921 3.811495 8.234512 -2.799182 3.742314 8.331284 -2.799182 3.538321 8.616630 -2.799182 3.607502 8.519859 -2.799182 3.715699 8.597208 -2.642888 3.646517 8.693978 -2.642888 3.646517 8.693978 -2.642888 3.715699 8.597208 -2.642888 3.607502 8.519858 -2.486594 3.538320 8.616630 -2.486594 2.978871 8.355739 -2.739157 3.211319 8.521915 -2.796767 3.443769 8.688093 -2.739157 3.510412 8.735734 -2.642888 3.443768 8.688091 -2.546619 3.211319 8.521916 -2.489009 2.978871 8.355739 -2.546619 2.912227 8.308098 -2.642889 2.907698 8.165802 -2.642889 2.976880 8.069031 -2.642888 3.085077 8.146379 -2.799182 3.015895 8.243153 -2.799182 3.015895 8.243153 -2.486595 3.085077 8.146379 -2.486595 2.976880 8.069031 -2.642888 2.907698 8.165802 -2.642889 3.015895 8.243153 -2.799182 3.085077 8.146379 -2.799182 3.346289 8.333120 -2.863920 3.277107 8.429891 -2.863920 
						3.277107 8.429891 -2.421855 3.346289 8.333120 -2.421855 3.085077 8.146379 -2.486595 3.015895 8.243153 -2.486595 3.538320 8.616630 -2.486594 3.607502 8.519858 -2.486594 3.346289 8.333120 -2.421855 3.277107 8.429891 -2.421855 3.211319 8.521915 -2.796767 3.277107 8.429891 -2.863920 3.538321 8.616630 -2.799182 3.443769 8.688093 -2.739157 3.443769 8.688093 -2.739157 3.538321 8.616630 -2.799182 3.646517 8.693978 -2.642888 3.510412 8.735734 -2.642888 3.510412 8.735734 -2.642888 3.646517 8.693978 -2.642888 3.538320 8.616630 -2.486594 3.443768 8.688091 -2.546619 3.443768 8.688091 -2.546619 3.538320 8.616630 -2.486594 3.277107 8.429891 -2.421855 3.211319 8.521916 -2.489009 3.211319 8.521916 -2.489009 3.277107 8.429891 -2.421855 3.015895 8.243153 -2.486595 2.978871 8.355739 -2.546619 2.978871 8.355739 -2.546619 3.015895 8.243153 -2.486595 2.907698 8.165802 -2.642889 2.912227 8.308098 -2.642889 2.912227 8.308098 -2.642889 2.907698 8.165802 -2.642889 3.015895 8.243153 -2.799182 2.978871 8.355739 -2.739157 2.978871 8.355739 -2.739157 3.015895 8.243153 -2.799182 3.277107 8.429891 -2.863920 3.211319 8.521915 -2.796767 3.647112 8.399407 -2.734964 3.416672 8.234666 -2.792077 3.186234 8.069929 -2.734965 3.122493 8.024359 -2.642888 3.186234 8.069929 -2.550812 3.416672 8.234666 -2.493700 3.647111 8.399404 -2.550811 3.710853 8.444974 -2.642888 3.346289 8.333120 -2.863920 3.416672 8.234666 -2.792077 3.647112 8.399407 -2.734964 3.607502 8.519859 -2.799182 3.607502 8.519859 -2.799182 3.647112 8.399407 -2.734964 3.710853 8.444974 -2.642888 3.715699 8.597208 -2.642888 3.715699 8.597208 -2.642888 3.710853 8.444974 -2.642888 3.647111 8.399404 -2.550811 3.607502 8.519858 -2.486594 3.607502 8.519858 -2.486594 3.647111 8.399404 -2.550811 3.416672 8.234666 -2.493700 3.346289 8.333120 -2.421855 
						3.346289 8.333120 -2.421855 3.416672 8.234666 -2.493700 3.186234 8.069929 -2.550812 3.085077 8.146379 -2.486595 3.085077 8.146379 -2.486595 3.186234 8.069929 -2.550812 3.122493 8.024359 -2.642888 2.976880 8.069031 -2.642888 2.976880 8.069031 -2.642888 3.122493 8.024359 -2.642888 3.186234 8.069929 -2.734965 3.085077 8.146379 -2.799182 3.085077 8.146379 -2.799182 3.186234 8.069929 -2.734965 3.416672 8.234666 -2.792077 3.346289 8.333120 -2.863920 3.277107 8.429891 -2.863920 3.346289 8.333120 -2.863920 3.607502 8.519859 -2.799182 3.538321 8.616630 -2.799182 -8.169786 3.093056 -2.799182 -8.285949 3.067430 -2.799182 -8.257298 2.937551 -2.642888 -8.141133 2.963176 -2.642888 -8.141133 2.963176 -2.642888 -8.257298 2.937551 -2.642888 -8.285949 3.067431 -2.486594 -8.169785 3.093056 -2.486594 -8.190042 3.710014 -2.739157 -8.128489 3.430984 -2.796767 -8.066935 3.151951 -2.739157 -8.049287 3.071953 -2.642889 -8.066936 3.151954 -2.546619 -8.128488 3.430983 -2.489009 -8.190042 3.710014 -2.546619 -8.207688 3.790013 -2.642888 -8.336777 3.850053 -2.642888 -8.452940 3.824427 -2.642888 -8.424290 3.694547 -2.799182 -8.308125 3.720174 -2.799182 -8.308125 3.720174 -2.486593 -8.424290 3.694547 -2.486593 -8.452940 3.824427 -2.642888 -8.336777 3.850053 -2.642888 -8.308125 3.720174 -2.799182 -8.424290 3.694547 -2.799182 -8.355120 3.380990 -2.863921 -8.238955 3.406615 -2.863921 -8.238955 3.406615 -2.421855 -8.355120 3.380990 -2.421855 -8.424290 3.694547 -2.486593 -8.308125 3.720174 -2.486593 -8.169785 3.093056 -2.486594 -8.285949 3.067431 -2.486594 -8.355120 3.380990 -2.421855 -8.238955 3.406615 -2.421855 -8.128489 3.430984 -2.796767 -8.238955 3.406615 -2.863921 -8.169786 3.093056 -2.799182 -8.066935 3.151951 -2.739157 -8.066935 3.151951 -2.739157 -8.169786 3.093056 -2.799182 -8.141133 2.963176 -2.642888 -8.049287 3.071953 -2.642889 
						-8.049287 3.071953 -2.642889 -8.141133 2.963176 -2.642888 -8.169785 3.093056 -2.486594 -8.066936 3.151954 -2.546619 -8.066936 3.151954 -2.546619 -8.169785 3.093056 -2.486594 -8.238955 3.406615 -2.421855 -8.128488 3.430983 -2.489009 -8.128488 3.430983 -2.489009 -8.238955 3.406615 -2.421855 -8.308125 3.720174 -2.486593 -8.190042 3.710014 -2.546619 -8.190042 3.710014 -2.546619 -8.308125 3.720174 -2.486593 -8.336777 3.850053 -2.642888 -8.207688 3.790013 -2.642888 -8.207688 3.790013 -2.642888 -8.336777 3.850053 -2.642888 -8.308125 3.720174 -2.799182 -8.190042 3.710014 -2.739157 -8.190042 3.710014 -2.739157 -8.308125 3.720174 -2.799182 -8.238955 3.406615 -2.863921 -8.128489 3.430984 -2.796767 -8.412281 3.078301 -2.734965 -8.473303 3.354920 -2.792076 -8.534321 3.631536 -2.734964 -8.551200 3.708051 -2.642888 -8.534321 3.631536 -2.550811 -8.473303 3.354920 -2.493699 -8.412280 3.078302 -2.550812 -8.395402 3.001786 -2.642889 -8.355120 3.380990 -2.863921 -8.473303 3.354920 -2.792076 -8.412281 3.078301 -2.734965 -8.285949 3.067430 -2.799182 -8.285949 3.067430 -2.799182 -8.412281 3.078301 -2.734965 -8.395402 3.001786 -2.642889 -8.257298 2.937551 -2.642888 -8.257298 2.937551 -2.642888 -8.395402 3.001786 -2.642889 -8.412280 3.078302 -2.550812 -8.285949 3.067431 -2.486594 -8.285949 3.067431 -2.486594 -8.412280 3.078302 -2.550812 -8.473303 3.354920 -2.493699 -8.355120 3.380990 -2.421855 -8.355120 3.380990 -2.421855 -8.473303 3.354920 -2.493699 -8.534321 3.631536 -2.550811 -8.424290 3.694547 -2.486593 -8.424290 3.694547 -2.486593 -8.534321 3.631536 -2.550811 -8.551200 3.708051 -2.642888 -8.452940 3.824427 -2.642888 -8.452940 3.824427 -2.642888 -8.551200 3.708051 -2.642888 -8.534321 3.631536 -2.734964 -8.424290 3.694547 -2.799182 -8.424290 3.694547 -2.799182 -8.534321 3.631536 -2.734964 -8.473303 3.354920 -2.792076 -8.355120 3.380990 -2.863921 
						-8.238955 3.406615 -2.863921 -8.355120 3.380990 -2.863921 -8.285949 3.067430 -2.799182 -8.169786 3.093056 -2.799182 -7.827255 3.168617 -2.799182 -7.943419 3.142991 -2.799182 -7.914769 3.013112 -2.642888 -7.798606 3.038738 -2.642888 -7.798606 3.038738 -2.642888 -7.914769 3.013112 -2.642888 -7.943419 3.142992 -2.486593 -7.827255 3.168617 -2.486593 -7.847511 3.785573 -2.739157 -7.785959 3.506545 -2.796767 -7.724405 3.227513 -2.739157 -7.706758 3.147515 -2.642888 -7.724405 3.227514 -2.546619 -7.785959 3.506545 -2.489009 -7.847511 3.785573 -2.546619 -7.865160 3.865574 -2.642888 -7.994246 3.925613 -2.642888 -8.110411 3.899989 -2.642888 -8.081759 3.770109 -2.799182 -7.965594 3.795734 -2.799182 -7.965594 3.795734 -2.486594 -8.081759 3.770109 -2.486593 -8.110411 3.899989 -2.642888 -7.994246 3.925613 -2.642888 -7.965594 3.795734 -2.799182 -8.081759 3.770109 -2.799182 -8.012589 3.456551 -2.863921 -7.896423 3.482176 -2.863921 -7.896426 3.482177 -2.421855 -8.012589 3.456551 -2.421855 -8.081759 3.770109 -2.486593 -7.965594 3.795734 -2.486594 -7.827255 3.168617 -2.486593 -7.943419 3.142992 -2.486593 -8.012589 3.456551 -2.421855 -7.896426 3.482177 -2.421855 -7.785959 3.506545 -2.796767 -7.896423 3.482176 -2.863921 -7.827255 3.168617 -2.799182 -7.724405 3.227513 -2.739157 -7.724405 3.227513 -2.739157 -7.827255 3.168617 -2.799182 -7.798606 3.038738 -2.642888 -7.706758 3.147515 -2.642888 -7.706758 3.147515 -2.642888 -7.798606 3.038738 -2.642888 -7.827255 3.168617 -2.486593 -7.724405 3.227514 -2.546619 -7.724405 3.227514 -2.546619 -7.827255 3.168617 -2.486593 -7.896426 3.482177 -2.421855 -7.785959 3.506545 -2.489009 -7.785959 3.506545 -2.489009 -7.896426 3.482177 -2.421855 -7.965594 3.795734 -2.486594 -7.847511 3.785573 -2.546619 -7.847511 3.785573 -2.546619 -7.965594 3.795734 -2.486594 -7.994246 3.925613 -2.642888 -7.865160 3.865574 -2.642888 
						-7.865160 3.865574 -2.642888 -7.994246 3.925613 -2.642888 -7.965594 3.795734 -2.799182 -7.847511 3.785573 -2.739157 -7.847511 3.785573 -2.739157 -7.965594 3.795734 -2.799182 -7.896423 3.482176 -2.863921 -7.785959 3.506545 -2.796767 -8.069749 3.153861 -2.734964 -8.130773 3.430480 -2.792076 -8.191793 3.707097 -2.734964 -8.208673 3.783612 -2.642888 -8.191793 3.707097 -2.550811 -8.130773 3.430480 -2.493699 -8.069751 3.153862 -2.550811 -8.052873 3.077347 -2.642889 -8.012589 3.456551 -2.863921 -8.130773 3.430480 -2.792076 -8.069749 3.153861 -2.734964 -7.943419 3.142991 -2.799182 -7.943419 3.142991 -2.799182 -8.069749 3.153861 -2.734964 -8.052873 3.077347 -2.642889 -7.914769 3.013112 -2.642888 -7.914769 3.013112 -2.642888 -8.052873 3.077347 -2.642889 -8.069751 3.153862 -2.550811 -7.943419 3.142992 -2.486593 -7.943419 3.142992 -2.486593 -8.069751 3.153862 -2.550811 -8.130773 3.430480 -2.493699 -8.012589 3.456551 -2.421855 -8.012589 3.456551 -2.421855 -8.130773 3.430480 -2.493699 -8.191793 3.707097 -2.550811 -8.081759 3.770109 -2.486593 -8.081759 3.770109 -2.486593 -8.191793 3.707097 -2.550811 -8.208673 3.783612 -2.642888 -8.110411 3.899989 -2.642888 -8.110411 3.899989 -2.642888 -8.208673 3.783612 -2.642888 -8.191793 3.707097 -2.734964 -8.081759 3.770109 -2.799182 -8.081759 3.770109 -2.799182 -8.191793 3.707097 -2.734964 -8.130773 3.430480 -2.792076 -8.012589 3.456551 -2.863921 -7.896423 3.482176 -2.863921 -8.012589 3.456551 -2.863921 -7.943419 3.142991 -2.799182 -7.827255 3.168617 -2.799182 -3.163067 -8.473329 -2.799182 -3.234279 -8.568613 -2.799182 -3.127742 -8.648235 -2.642888 -3.056530 -8.552948 -2.642888 -3.056530 -8.552948 -2.642888 -3.127742 -8.648235 -2.642888 -3.234280 -8.568612 -2.486594 -3.163066 -8.473328 -2.486594 -3.581434 -8.019437 -2.739157 -3.352551 -8.190492 -2.796767 -3.123669 -8.361547 -2.739157 -3.058048 -8.410590 -2.642888 
						-3.123670 -8.361548 -2.546619 -3.352551 -8.190492 -2.489009 -3.581434 -8.019438 -2.546619 -3.647055 -7.970396 -2.642888 -3.784014 -8.009262 -2.642888 -3.855225 -8.104552 -2.642888 -3.748689 -8.184172 -2.799182 -3.677476 -8.088883 -2.799182 -3.677475 -8.088884 -2.486594 -3.748689 -8.184172 -2.486594 -3.855225 -8.104552 -2.642888 -3.784014 -8.009262 -2.642888 -3.677476 -8.088883 -2.799182 -3.748689 -8.184172 -2.799182 -3.491484 -8.376394 -2.863921 -3.420271 -8.281106 -2.863921 -3.420271 -8.281105 -2.421856 -3.491484 -8.376394 -2.421856 -3.748689 -8.184172 -2.486594 -3.677475 -8.088884 -2.486594 -3.163066 -8.473328 -2.486594 -3.234280 -8.568612 -2.486594 -3.491484 -8.376394 -2.421856 -3.420271 -8.281105 -2.421856 -3.352551 -8.190492 -2.796767 -3.420271 -8.281106 -2.863921 -3.163067 -8.473329 -2.799182 -3.123669 -8.361547 -2.739157 -3.123669 -8.361547 -2.739157 -3.163067 -8.473329 -2.799182 -3.056530 -8.552948 -2.642888 -3.058048 -8.410590 -2.642888 -3.058048 -8.410590 -2.642888 -3.056530 -8.552948 -2.642888 -3.163066 -8.473328 -2.486594 -3.123670 -8.361548 -2.546619 -3.123670 -8.361548 -2.546619 -3.163066 -8.473328 -2.486594 -3.420271 -8.281105 -2.421856 -3.352551 -8.190492 -2.489009 -3.352551 -8.190492 -2.489009 -3.420271 -8.281105 -2.421856 -3.677475 -8.088884 -2.486594 -3.581434 -8.019438 -2.546619 -3.581434 -8.019438 -2.546619 -3.677475 -8.088884 -2.486594 -3.784014 -8.009262 -2.642888 -3.647055 -7.970396 -2.642888 -3.647055 -7.970396 -2.642888 -3.784014 -8.009262 -2.642888 -3.677476 -8.088883 -2.799182 -3.581434 -8.019437 -2.739157 -3.581434 -8.019437 -2.739157 -3.677476 -8.088883 -2.799182 -3.420271 -8.281106 -2.863921 -3.352551 -8.190492 -2.796767 -3.337030 -8.642910 -2.734965 -3.563934 -8.473333 -2.792077 -3.790836 -8.303758 -2.734965 -3.853600 -8.256853 -2.642888 -3.790836 -8.303758 -2.550812 -3.563934 -8.473333 -2.493700 -3.337031 -8.642909 -2.550812 -3.274267 -8.689817 -2.642888 
						-3.491484 -8.376394 -2.863921 -3.563934 -8.473333 -2.792077 -3.337030 -8.642910 -2.734965 -3.234279 -8.568613 -2.799182 -3.234279 -8.568613 -2.799182 -3.337030 -8.642910 -2.734965 -3.274267 -8.689817 -2.642888 -3.127742 -8.648235 -2.642888 -3.127742 -8.648235 -2.642888 -3.274267 -8.689817 -2.642888 -3.337031 -8.642909 -2.550812 -3.234280 -8.568612 -2.486594 -3.234280 -8.568612 -2.486594 -3.337031 -8.642909 -2.550812 -3.563934 -8.473333 -2.493700 -3.491484 -8.376394 -2.421856 -3.491484 -8.376394 -2.421856 -3.563934 -8.473333 -2.493700 -3.790836 -8.303758 -2.550812 -3.748689 -8.184172 -2.486594 -3.748689 -8.184172 -2.486594 -3.790836 -8.303758 -2.550812 -3.853600 -8.256853 -2.642888 -3.855225 -8.104552 -2.642888 -3.855225 -8.104552 -2.642888 -3.853600 -8.256853 -2.642888 -3.790836 -8.303758 -2.734965 -3.748689 -8.184172 -2.799182 -3.748689 -8.184172 -2.799182 -3.790836 -8.303758 -2.734965 -3.563934 -8.473333 -2.792077 -3.491484 -8.376394 -2.863921 -3.420271 -8.281106 -2.863921 -3.491484 -8.376394 -2.863921 -3.234279 -8.568613 -2.799182 -3.163067 -8.473329 -2.799182 -2.953085 -8.192360 -2.799182 -3.024297 -8.287646 -2.799182 -2.917761 -8.367267 -2.642888 -2.846549 -8.271980 -2.642888 -2.846549 -8.271980 -2.642888 -2.917761 -8.367267 -2.642888 -3.024298 -8.287645 -2.486594 -2.953085 -8.192360 -2.486594 -3.371452 -7.738469 -2.739157 -3.142571 -7.909523 -2.796767 -2.913688 -8.080577 -2.739157 -2.848067 -8.129620 -2.642888 -2.913689 -8.080580 -2.546619 -3.142571 -7.909523 -2.489009 -3.371452 -7.738469 -2.546619 -3.437073 -7.689425 -2.642888 -3.574031 -7.728295 -2.642888 -3.645245 -7.823582 -2.642888 -3.538707 -7.903201 -2.799182 -3.467494 -7.807915 -2.799182 -3.467494 -7.807915 -2.486594 -3.538707 -7.903201 -2.486594 -3.645245 -7.823582 -2.642888 -3.574031 -7.728295 -2.642888 -3.467494 -7.807915 -2.799182 -3.538707 -7.903201 -2.799182 -3.281502 -8.095423 -2.863920 -3.210290 -8.000135 -2.863920 
						-3.210290 -8.000135 -2.421855 -3.281502 -8.095423 -2.421855 -3.538707 -7.903201 -2.486594 -3.467494 -7.807915 -2.486594 -2.953085 -8.192360 -2.486594 -3.024298 -8.287645 -2.486594 -3.281502 -8.095423 -2.421855 -3.210290 -8.000135 -2.421855 -3.142571 -7.909523 -2.796767 -3.210290 -8.000135 -2.863920 -2.953085 -8.192360 -2.799182 -2.913688 -8.080577 -2.739157 -2.913688 -8.080577 -2.739157 -2.953085 -8.192360 -2.799182 -2.846549 -8.271980 -2.642888 -2.848067 -8.129620 -2.642888 -2.848067 -8.129620 -2.642888 -2.846549 -8.271980 -2.642888 -2.953085 -8.192360 -2.486594 -2.913689 -8.080580 -2.546619 -2.913689 -8.080580 -2.546619 -2.953085 -8.192360 -2.486594 -3.210290 -8.000135 -2.421855 -3.142571 -7.909523 -2.489009 -3.142571 -7.909523 -2.489009 -3.210290 -8.000135 -2.421855 -3.467494 -7.807915 -2.486594 -3.371452 -7.738469 -2.546619 -3.371452 -7.738469 -2.546619 -3.467494 -7.807915 -2.486594 -3.574031 -7.728295 -2.642888 -3.437073 -7.689425 -2.642888 -3.437073 -7.689425 -2.642888 -3.574031 -7.728295 -2.642888 -3.467494 -7.807915 -2.799182 -3.371452 -7.738469 -2.739157 -3.371452 -7.738469 -2.739157 -3.467494 -7.807915 -2.799182 -3.210290 -8.000135 -2.863920 -3.142571 -7.909523 -2.796767 -3.127048 -8.361941 -2.734965 -3.353952 -8.192366 -2.792077 -3.580854 -8.022791 -2.734964 -3.643618 -7.975884 -2.642888 -3.580854 -8.022791 -2.550812 -3.353952 -8.192367 -2.493700 -3.127050 -8.361940 -2.550812 -3.064285 -8.408847 -2.642888 -3.281502 -8.095423 -2.863920 -3.353952 -8.192366 -2.792077 -3.127048 -8.361941 -2.734965 -3.024297 -8.287646 -2.799182 -3.024297 -8.287646 -2.799182 -3.127048 -8.361941 -2.734965 -3.064285 -8.408847 -2.642888 -2.917761 -8.367267 -2.642888 -2.917761 -8.367267 -2.642888 -3.064285 -8.408847 -2.642888 -3.127050 -8.361940 -2.550812 -3.024298 -8.287645 -2.486594 -3.024298 -8.287645 -2.486594 -3.127050 -8.361940 -2.550812 -3.353952 -8.192367 -2.493700 -3.281502 -8.095423 -2.421855 
						-3.281502 -8.095423 -2.421855 -3.353952 -8.192367 -2.493700 -3.580854 -8.022791 -2.550812 -3.538707 -7.903201 -2.486594 -3.538707 -7.903201 -2.486594 -3.580854 -8.022791 -2.550812 -3.643618 -7.975884 -2.642888 -3.645245 -7.823582 -2.642888 -3.645245 -7.823582 -2.642888 -3.643618 -7.975884 -2.642888 -3.580854 -8.022791 -2.734964 -3.538707 -7.903201 -2.799182 -3.538707 -7.903201 -2.799182 -3.580854 -8.022791 -2.734964 -3.353952 -8.192366 -2.792077 -3.281502 -8.095423 -2.863920 -3.210290 -8.000135 -2.863920 -3.281502 -8.095423 -2.863920 -3.024297 -8.287646 -2.799182 -2.953085 -8.192360 -2.799182 
					</float_array>
					<technique_common>
						<accessor count="1876" offset="0" source="#meshId0-positions-array" stride="3">
							<param name="X" type="float" />
							<param name="Y" type="float" />
							<param name="Z" type="float" />
						</accessor>
					</technique_common>
				</source>
				<source id="meshId0-normals" name="meshId0-normals">
					<float_array id="meshId0-normals-array" count="5628"> 
						-0.923880 0.382683 0.000000 -0.923880 0.382683 0.000000 -0.923880 0.382683 0.000000 -0.923880 0.382683 0.000000 -0.382683 -0.923880 -0.000000 -0.382683 -0.923880 -0.000000 -0.382683 -0.923880 -0.000000 -0.382683 -0.923880 -0.000000 0.923880 -0.382683 -0.000000 0.923880 -0.382683 -0.000000 0.923880 -0.382683 -0.000000 0.923880 -0.382683 -0.000000 -0.923880 -0.382684 -0.000000 -0.923880 -0.382684 -0.000000 -0.923880 -0.382684 -0.000000 -0.923880 -0.382684 -0.000000 -0.382684 0.923880 0.000000 -0.382684 0.923880 0.000000 -0.382684 0.923880 0.000000 -0.382684 0.923880 0.000000 0.000000 0.000000 1.000000 0.000000 0.000000 1.000000 0.000000 0.000000 1.000000 0.000000 0.000000 1.000000 0.000000 0.000000 1.000000 0.000000 0.000000 1.000000 0.000000 0.000000 1.000000 0.000000 0.000000 1.000000 -0.382683 -0.923880 -0.000000 -0.382683 -0.923880 -0.000000 -0.382683 -0.923880 -0.000000 -0.382683 -0.923880 -0.000000 -0.000000 0.000000 -1.000000 -0.000000 0.000000 -1.000000 -0.000000 0.000000 -1.000000 -0.000000 0.000000 -1.000000 -0.000000 0.000000 -1.000000 -0.000000 0.000000 -1.000000 -0.000000 0.000000 -1.000000 -0.000000 0.000000 -1.000000 0.382683 0.923880 0.000000 0.382683 0.923880 0.000000 0.382683 0.923880 0.000000 0.382683 0.923880 0.000000 0.382684 -0.923880 -0.000000 0.382684 -0.923880 -0.000000 0.382684 -0.923880 -0.000000 0.382684 -0.923880 -0.000000 -0.923880 -0.382684 0.000000 -0.923880 -0.382684 0.000000 -0.923880 -0.382684 0.000000 -0.923880 -0.382684 0.000000 0.420948 0.907085 0.000000 0.420948 0.907085 0.000000 0.420948 0.907085 0.000000 0.420948 0.907085 0.000000 0.923880 0.382684 0.000000 0.923880 0.382684 0.000000 0.923880 0.382684 0.000000 0.923880 0.382684 0.000000 -0.923880 -0.382684 -0.000000 -0.923880 -0.382684 -0.000000 -0.923880 -0.382684 -0.000000 -0.923880 -0.382684 -0.000000 
						-0.000000 -0.000000 1.000000 -0.000000 -0.000000 1.000000 -0.000000 -0.000000 1.000000 -0.000000 -0.000000 1.000000 -0.000000 -0.000000 1.000000 -0.000000 -0.000000 1.000000 -0.000000 -0.000000 1.000000 -0.000000 -0.000000 1.000000 -0.000000 -0.000000 1.000000 -0.000000 -0.000000 1.000000 -0.000000 -0.000000 1.000000 -0.000000 -0.000000 1.000000 -0.000000 -0.000000 1.000000 -0.000000 -0.000000 1.000000 -0.000000 -0.000000 1.000000 -0.000000 -0.000000 1.000000 0.923880 -0.382683 -0.000000 0.923880 -0.382683 -0.000000 0.923880 -0.382683 -0.000000 0.923880 -0.382683 -0.000000 0.000000 0.000000 -1.000000 0.000000 0.000000 -1.000000 0.000000 0.000000 -1.000000 0.000000 0.000000 -1.000000 0.000000 0.000000 -1.000000 0.000000 0.000000 -1.000000 0.000000 0.000000 -1.000000 0.000000 0.000000 -1.000000 0.000000 0.000000 -1.000000 0.000000 0.000000 -1.000000 0.000000 0.000000 -1.000000 0.000000 0.000000 -1.000000 0.000000 0.000000 -1.000000 0.000000 0.000000 -1.000000 0.000000 0.000000 -1.000000 0.000000 0.000000 -1.000000 0.382684 -0.923880 -0.000000 0.382684 -0.923880 -0.000000 0.382684 -0.923880 -0.000000 0.382684 -0.923880 -0.000000 -0.382683 -0.923880 -0.000000 -0.382683 -0.923880 -0.000000 -0.382683 -0.923880 -0.000000 -0.382683 -0.923880 -0.000000 0.382683 -0.923880 -0.000000 0.382683 -0.923880 -0.000000 0.382683 -0.923880 -0.000000 0.382683 -0.923880 -0.000000 -0.382683 0.923880 0.000000 -0.382683 0.923880 0.000000 -0.382683 0.923880 0.000000 -0.382683 0.923880 0.000000 -0.923880 0.382683 0.000000 -0.923880 0.382683 0.000000 -0.923880 0.382683 0.000000 -0.923880 0.382683 0.000000 -0.923880 0.382683 0.000000 -0.923880 0.382683 0.000000 -0.923880 0.382683 0.000000 -0.923880 0.382683 0.000000 -0.382684 0.923880 0.000000 -0.382684 0.923880 0.000000 -0.382684 0.923880 0.000000 -0.382684 0.923880 0.000000 
						0.382683 0.923880 0.000000 0.382683 0.923880 0.000000 0.382683 0.923880 0.000000 0.382683 0.923880 0.000000 0.382684 0.923880 0.000000 0.382684 0.923880 0.000000 0.382684 0.923880 0.000000 0.382684 0.923880 0.000000 -0.923880 -0.382684 -0.000000 -0.923880 -0.382684 -0.000000 -0.923880 -0.382684 -0.000000 -0.923880 -0.382684 -0.000000 0.923880 0.382684 -0.000000 0.923880 0.382684 -0.000000 0.923880 0.382684 -0.000000 0.923880 0.382684 -0.000000 -0.000000 -0.000000 1.000000 -0.000000 -0.000000 1.000000 -0.000000 -0.000000 1.000000 -0.000000 -0.000000 1.000000 -0.000000 -0.000000 1.000000 -0.000000 -0.000000 1.000000 -0.000000 -0.000000 1.000000 -0.000000 -0.000000 1.000000 0.923880 0.382683 0.000000 0.923880 0.382683 0.000000 0.923880 0.382683 0.000000 0.923880 0.382683 0.000000 0.923880 -0.382684 -0.000000 0.923880 -0.382684 -0.000000 0.923880 -0.382684 -0.000000 0.923880 -0.382684 -0.000000 0.000000 0.000000 -1.000000 0.000000 0.000000 -1.000000 0.000000 0.000000 -1.000000 0.000000 0.000000 -1.000000 0.000000 0.000000 -1.000000 0.000000 0.000000 -1.000000 0.000000 0.000000 -1.000000 0.000000 0.000000 -1.000000 0.382684 -0.923880 -0.000000 0.382684 -0.923880 -0.000000 0.382684 -0.923880 -0.000000 0.382684 -0.923880 -0.000000 0.069656 -0.028852 -0.997154 0.069656 -0.028852 -0.997154 0.069656 -0.028852 -0.997154 0.069656 -0.028852 -0.997154 -0.382684 0.923880 0.000000 -0.382684 0.923880 0.000000 -0.382684 0.923880 0.000000 -0.382684 0.923880 0.000000 -0.050488 -0.121890 0.991259 -0.050488 -0.121890 0.991259 -0.050488 -0.121890 0.991259 -0.050488 -0.121890 0.991259 0.923880 0.382684 0.000000 0.923880 0.382684 0.000000 0.923880 0.382684 0.000000 0.923880 0.382684 0.000000 -0.343751 -0.939061 -0.000000 -0.343751 -0.939061 -0.000000 -0.343751 -0.939061 -0.000000 -0.343751 -0.939061 -0.000000 
						-0.382682 -0.923880 0.000000 -0.382682 -0.923880 0.000000 -0.382682 -0.923880 0.000000 -0.382682 -0.923880 0.000000 -0.923880 0.382683 0.000000 -0.923880 0.382683 0.000000 -0.923880 0.382683 0.000000 -0.923880 0.382683 0.000000 0.382684 0.923879 0.000000 0.382684 0.923879 0.000000 0.382684 0.923879 0.000000 0.382684 0.923879 0.000000 0.923879 -0.382684 -0.000000 0.923879 -0.382684 -0.000000 0.923879 -0.382684 -0.000000 0.923879 -0.382684 -0.000000 -0.121890 0.050488 0.991259 -0.121890 0.050488 0.991259 -0.121890 0.050488 0.991259 -0.121890 0.050488 0.991259 -0.069656 0.028852 -0.997154 -0.069656 0.028852 -0.997154 -0.069656 0.028852 -0.997154 -0.069656 0.028852 -0.997154 0.939061 -0.343751 -0.000000 0.939061 -0.343751 -0.000000 0.939061 -0.343751 -0.000000 0.939061 -0.343751 -0.000000 0.121890 -0.050488 0.991259 0.121890 -0.050488 0.991259 0.121890 -0.050488 0.991259 0.121890 -0.050488 0.991259 -0.907085 0.420948 0.000000 -0.907085 0.420948 0.000000 -0.907085 0.420948 0.000000 -0.907085 0.420948 0.000000 -0.939061 0.343751 0.000000 -0.939061 0.343751 0.000000 -0.939061 0.343751 0.000000 -0.939061 0.343751 0.000000 -0.028852 -0.069656 -0.997154 -0.028852 -0.069656 -0.997154 -0.028852 -0.069656 -0.997154 -0.028852 -0.069656 -0.997154 0.343751 0.939061 0.000000 0.343751 0.939061 0.000000 0.343751 0.939061 0.000000 0.343751 0.939061 0.000000 0.907085 -0.420948 -0.000000 0.907085 -0.420948 -0.000000 0.907085 -0.420948 -0.000000 0.907085 -0.420948 -0.000000 0.050488 0.121890 0.991259 0.050488 0.121890 0.991259 0.050488 0.121890 0.991259 0.050488 0.121890 0.991259 0.028852 0.069656 -0.997154 0.028852 0.069656 -0.997154 0.028852 0.069656 -0.997154 0.028852 0.069656 -0.997154 -0.420948 -0.907085 -0.000000 -0.420948 -0.907085 -0.000000 -0.420948 -0.907085 -0.000000 -0.420948 -0.907085 -0.000000 
						0.923880 -0.382683 -0.000000 0.923880 -0.382683 -0.000000 0.923880 -0.382683 -0.000000 0.923880 -0.382683 -0.000000 -0.382683 -0.923880 -0.000000 -0.382683 -0.923880 -0.000000 -0.382683 -0.923880 -0.000000 -0.382683 -0.923880 -0.000000 -0.923880 -0.382684 -0.000000 -0.923880 -0.382684 -0.000000 -0.923880 -0.382684 -0.000000 -0.923880 -0.382684 -0.000000 0.000000 -0.000000 1.000000 0.000000 -0.000000 1.000000 0.000000 -0.000000 1.000000 0.000000 -0.000000 1.000000 0.000000 -0.000000 1.000000 0.000000 -0.000000 1.000000 0.000000 -0.000000 1.000000 0.000000 -0.000000 1.000000 -0.000000 0.000000 -1.000000 -0.000000 0.000000 -1.000000 -0.000000 0.000000 -1.000000 -0.000000 0.000000 -1.000000 -0.000000 0.000000 -1.000000 -0.000000 0.000000 -1.000000 -0.000000 0.000000 -1.000000 -0.000000 0.000000 -1.000000 0.382684 -0.923880 -0.000000 0.382684 -0.923880 -0.000000 0.382684 -0.923880 -0.000000 0.382684 -0.923880 -0.000000 -0.382683 0.923880 0.000000 -0.382683 0.923880 0.000000 -0.382683 0.923880 0.000000 -0.382683 0.923880 0.000000 -0.923880 0.382683 0.000000 -0.923880 0.382683 0.000000 -0.923880 0.382683 0.000000 -0.923880 0.382683 0.000000 0.382683 0.923880 0.000000 0.382683 0.923880 0.000000 0.382683 0.923880 0.000000 0.382683 0.923880 0.000000 0.923880 0.382684 -0.000000 0.923880 0.382684 -0.000000 0.923880 0.382684 -0.000000 0.923880 0.382684 -0.000000 -1.000000 0.000000 0.000000 -1.000000 0.000000 0.000000 -1.000000 0.000000 0.000000 -1.000000 0.000000 0.000000 0.000000 1.000000 0.000000 0.000000 1.000000 0.000000 0.000000 1.000000 0.000000 0.000000 1.000000 0.000000 1.000000 0.000000 0.000000 1.000000 0.000000 0.000000 1.000000 0.000000 0.000000 1.000000 0.000000 0.000000 0.000000 -1.000000 -0.000000 0.000000 -1.000000 -0.000000 0.000000 -1.000000 -0.000000 0.000000 -1.000000 -0.000000 
						0.000000 0.000000 -1.000000 0.000000 0.000000 -1.000000 0.000000 0.000000 -1.000000 0.000000 0.000000 -1.000000 -0.000000 -0.000000 1.000000 -0.000000 -0.000000 1.000000 -0.000000 -0.000000 1.000000 -0.000000 -0.000000 1.000000 -0.058549 -0.000000 0.998284 -0.058549 -0.000000 0.998284 -0.058549 -0.000000 0.998284 -0.058549 -0.000000 0.998284 0.000000 1.000000 -0.000000 0.000000 1.000000 -0.000000 0.000000 1.000000 -0.000000 0.000000 1.000000 -0.000000 0.000000 1.000000 -0.000000 0.000000 1.000000 -0.000000 0.000000 1.000000 -0.000000 0.000000 1.000000 -0.000000 0.000000 1.000000 -0.000000 0.000000 1.000000 -0.000000 -0.319469 0.000000 0.947597 -0.319469 0.000000 0.947597 -0.319469 0.000000 0.947597 -0.319469 0.000000 0.947597 -0.834964 -0.000000 0.550305 -0.834964 -0.000000 0.550305 -0.834964 -0.000000 0.550305 -0.834964 -0.000000 0.550305 -0.707107 0.000000 -0.707106 -0.707107 0.000000 -0.707106 -0.707107 0.000000 -0.707106 -0.707107 0.000000 -0.707106 0.000000 -1.000000 -0.000000 0.000000 -1.000000 -0.000000 0.000000 -1.000000 -0.000000 0.000000 -1.000000 -0.000000 0.000000 -1.000000 -0.000000 0.000000 -1.000000 -0.000000 0.000000 -1.000000 -0.000000 0.000000 -1.000000 -0.000000 0.000000 -1.000000 -0.000000 0.000000 -1.000000 -0.000000 0.000000 0.000000 -1.000000 0.000000 0.000000 -1.000000 0.000000 0.000000 -1.000000 0.000000 0.000000 -1.000000 -0.008901 -0.000000 0.999960 -0.008901 -0.000000 0.999960 -0.008901 -0.000000 0.999960 -0.008901 -0.000000 0.999960 0.715028 -0.000000 0.699096 0.715028 -0.000000 0.699096 0.715028 -0.000000 0.699096 0.715028 -0.000000 0.699096 0.022530 0.000000 0.999746 0.022530 0.000000 0.999746 0.022530 0.000000 0.999746 0.022530 0.000000 0.999746 0.707107 0.000000 -0.707106 0.707107 0.000000 -0.707106 0.707107 0.000000 -0.707106 0.707107 0.000000 -0.707106 
						1.000000 0.000000 0.000000 1.000000 0.000000 0.000000 1.000000 0.000000 0.000000 1.000000 0.000000 0.000000 -0.000000 -0.000000 1.000000 -0.000000 -0.000000 1.000000 -0.000000 -0.000000 1.000000 -0.000000 -0.000000 1.000000 -0.000000 -0.000000 1.000000 -0.000000 -0.000000 1.000000 0.000000 0.000000 -1.000000 0.000000 0.000000 -1.000000 0.000000 0.000000 -1.000000 0.000000 0.000000 -1.000000 0.000000 0.000000 -1.000000 0.000000 0.000000 -1.000000 1.000000 0.000000 0.000000 1.000000 0.000000 0.000000 1.000000 0.000000 0.000000 1.000000 0.000000 0.000000 0.000000 0.000000 -1.000000 0.000000 0.000000 -1.000000 -0.000000 -0.000000 1.000000 -0.000000 -0.000000 1.000000 -0.000000 -0.000000 1.000000 -0.000000 -0.000000 1.000000 -1.000000 0.000000 0.000000 -1.000000 0.000000 0.000000 -1.000000 0.000000 0.000000 -1.000000 0.000000 0.000000 -1.000000 0.000000 0.000000 -1.000000 0.000000 0.000000 0.000000 0.000000 -1.000000 0.000000 0.000000 -1.000000 0.000000 0.000000 -1.000000 0.000000 0.000000 -1.000000 0.000000 0.000000 -1.000000 0.000000 0.000000 -1.000000 0.000000 0.000000 -1.000000 0.000000 0.000000 -1.000000 0.000000 0.000000 -1.000000 0.000000 0.000000 -1.000000 0.000000 0.000000 -1.000000 0.000000 0.000000 -1.000000 -0.000000 -0.000000 1.000000 -0.000000 -0.000000 1.000000 -0.000000 -0.000000 1.000000 -0.000000 -0.000000 1.000000 -0.000000 -0.000000 1.000000 -0.000000 -0.000000 1.000000 -0.000000 -0.000000 1.000000 -0.000000 -0.000000 1.000000 -0.000000 -0.000000 1.000000 -0.000000 -0.000000 1.000000 -0.000000 -0.000000 1.000000 -0.000000 -0.000000 1.000000 -0.000000 -0.000000 1.000000 0.000000 0.000000 -1.000000 0.000000 0.000000 -1.000000 0.000000 0.000000 -1.000000 0.000000 -1.000000 0.000000 0.000000 -1.000000 0.000000 0.000000 -1.000000 0.000000 0.000000 -1.000000 0.000000 
						1.000000 0.000000 -0.000000 1.000000 0.000000 -0.000000 1.000000 0.000000 -0.000000 1.000000 0.000000 -0.000000 -1.000000 0.000000 0.000000 -1.000000 0.000000 0.000000 -1.000000 0.000000 0.000000 -1.000000 0.000000 0.000000 0.000000 1.000000 0.000000 0.000000 1.000000 0.000000 0.000000 1.000000 0.000000 0.000000 1.000000 0.000000 0.000000 0.000000 -1.000000 0.000000 0.000000 -1.000000 -1.000000 0.000000 -0.000000 -1.000000 0.000000 -0.000000 -1.000000 0.000000 -0.000000 -1.000000 0.000000 -0.000000 0.217690 0.000000 -0.976018 0.217690 0.000000 -0.976018 0.217690 0.000000 -0.976018 0.217690 0.000000 -0.976018 -0.573471 0.000000 0.819226 -0.573471 0.000000 0.819226 -0.573471 0.000000 0.819226 -0.573471 0.000000 0.819226 -0.000000 -0.000000 1.000000 0.000000 -1.000000 -0.000000 0.000000 -1.000000 -0.000000 0.000000 -1.000000 -0.000000 0.000000 -1.000000 -0.000000 0.000000 1.000000 0.000000 0.000000 1.000000 0.000000 0.000000 1.000000 0.000000 0.000000 1.000000 0.000000 0.000000 0.000000 -1.000000 -0.709882 -0.000000 0.704320 -0.709882 -0.000000 0.704320 -0.709882 -0.000000 0.704320 -0.709882 -0.000000 0.704320 0.000000 1.000000 0.000000 0.000000 1.000000 0.000000 0.000000 1.000000 0.000000 0.000000 1.000000 0.000000 0.000000 -1.000000 0.000001 0.000000 -1.000000 0.000001 -0.573471 0.000000 0.819226 -0.573471 0.000000 0.819226 0.217690 0.000000 -0.976018 0.217690 0.000000 -0.976018 0.987973 -0.000000 -0.154625 0.987973 -0.000000 -0.154625 0.987973 -0.000000 -0.154625 0.987973 -0.000000 -0.154625 -0.999205 -0.000000 0.039877 -0.999205 -0.000000 0.039877 -0.999205 -0.000000 0.039877 -0.999205 -0.000000 0.039877 0.642260 0.000000 -0.766487 0.642260 0.000000 -0.766487 0.642260 0.000000 -0.766487 0.642260 0.000000 -0.766487 -0.709883 -0.000000 0.704320 -0.709883 -0.000000 0.704320 
						0.642260 -0.000000 -0.766487 0.642260 -0.000000 -0.766487 0.000000 -1.000000 -0.000000 0.000000 -1.000000 -0.000000 1.000000 0.000000 0.000000 1.000000 0.000000 0.000000 1.000000 0.000000 0.000000 1.000000 0.000000 0.000000 -1.000000 0.000000 0.000000 -1.000000 0.000000 0.000000 -1.000000 0.000000 0.000000 -1.000000 0.000000 0.000000 0.000000 -1.000000 0.000001 0.000000 -1.000000 0.000001 0.000000 1.000000 0.000001 0.000000 1.000000 0.000001 -0.999205 -0.000000 0.039875 -0.999205 -0.000000 0.039875 0.987973 0.000000 -0.154625 0.987973 0.000000 -0.154625 1.000000 -0.000001 0.000000 1.000000 -0.000001 0.000000 1.000000 -0.000001 0.000000 -1.000000 0.000000 0.000000 -1.000000 0.000000 0.000000 -1.000000 0.000000 0.000000 -1.000000 0.000000 0.000000 1.000000 -0.000001 0.000000 0.000000 -1.000000 -0.000000 0.000000 -1.000000 -0.000000 0.000000 1.000000 0.000000 0.000000 1.000000 0.000000 0.000000 0.000000 -1.000000 0.000000 0.000000 -1.000000 -0.000000 -0.000000 1.000000 -0.000000 -0.000000 1.000000 0.000000 0.000000 -1.000000 0.000000 0.000000 -1.000000 -0.000000 -0.000000 1.000000 0.000000 0.000000 -1.000000 -1.000000 0.000000 -0.000000 -1.000000 0.000000 -0.000000 -0.000000 -0.000000 1.000000 -0.000000 -0.000000 1.000000 0.000000 0.000000 -1.000000 1.000000 0.000000 0.000000 1.000000 0.000000 0.000000 1.000000 0.000000 0.000000 1.000000 0.000000 0.000000 -0.000000 -0.000000 1.000000 1.000000 0.000001 0.000001 1.000000 0.000001 0.000001 1.000000 0.000001 0.000001 1.000000 0.000001 0.000001 0.000000 -0.126130 0.992014 0.000000 -0.126130 0.992014 0.000000 -0.126130 0.992014 0.000000 -0.126130 0.992014 -0.000000 -0.000000 1.000000 -0.000000 -0.000000 1.000000 -0.000000 -0.000000 1.000000 0.000000 0.000000 -1.000000 1.000000 0.000000 0.000002 1.000000 0.000000 0.000002 
						0.000000 0.444239 -0.895908 0.000000 0.444239 -0.895908 0.000000 0.444239 -0.895908 0.000000 0.444239 -0.895908 0.000000 -0.126130 0.992014 0.000000 -0.126130 0.992014 -0.000000 0.110102 -0.993920 -0.000000 0.110102 -0.993920 -0.000000 0.110102 -0.993920 -0.000000 0.110102 -0.993920 -1.000000 0.000001 -0.000000 -1.000000 0.000001 -0.000000 -0.000000 0.110102 -0.993920 -0.000000 0.110102 -0.993920 -1.000000 0.000000 0.000000 -1.000000 0.000000 0.000000 -1.000000 0.000000 0.000000 -1.000000 0.000000 0.000000 1.000000 -0.000000 0.000001 1.000000 -0.000000 0.000001 0.000000 -0.607794 0.794095 0.000000 -0.607794 0.794095 0.000000 -0.607794 0.794095 0.000000 -0.607794 0.794095 0.000000 0.444239 -0.895908 0.000000 0.444239 -0.895908 0.000000 -0.607790 0.794098 0.000000 -0.607790 0.794098 -0.000000 0.999955 -0.009458 -0.000000 0.999955 -0.009458 -0.000000 0.999955 -0.009458 -0.000000 0.999955 -0.009458 0.000000 -0.999977 0.006758 0.000000 -0.999977 0.006758 0.000000 -0.999977 0.006758 0.000000 -0.999977 0.006758 0.000000 -0.974688 0.223569 0.000000 -0.974688 0.223569 0.000000 -0.974688 0.223569 0.000000 -0.974688 0.223569 -0.000000 0.933587 -0.358352 -0.000000 0.933587 -0.358352 -0.000000 0.933587 -0.358352 -0.000000 0.933587 -0.358352 0.000000 -0.974689 0.223565 0.000000 -0.974689 0.223565 0.000000 0.933586 -0.358354 0.000000 0.933586 -0.358354 0.000000 -0.999978 0.006675 0.000000 -0.999978 0.006675 0.000000 -0.999978 0.006675 0.000000 -0.999978 0.006675 -1.000000 0.000000 -0.000000 -1.000000 0.000000 -0.000000 -1.000000 0.000000 -0.000000 -1.000000 0.000000 -0.000000 1.000000 0.000000 0.000001 1.000000 0.000000 0.000001 0.000000 -0.999977 0.006758 0.000000 -0.999977 0.006758 -0.000000 0.999955 -0.009461 -0.000000 0.999955 -0.009461 -0.000000 0.001708 0.999999 -0.000000 0.001708 0.999999 
						-0.000000 0.001708 0.999999 -0.000000 0.001708 0.999999 0.000000 0.001708 0.999999 0.000000 0.001708 0.999999 -0.000000 0.999978 -0.006674 -0.000000 0.999978 -0.006674 -0.000000 0.999978 -0.006674 -0.000000 0.999978 -0.006674 0.000000 -0.999978 0.006675 0.000000 -0.999978 0.006675 -0.000000 0.999978 -0.006675 -0.000000 0.999978 -0.006675 1.000000 -0.000000 0.000000 1.000000 -0.000000 0.000000 -1.000000 -0.000000 0.000001 -1.000000 -0.000000 0.000001 -1.000000 -0.000000 0.000001 -1.000000 -0.000000 0.000001 -0.000000 0.126130 0.992014 -0.000000 0.126130 0.992014 -0.000000 0.126130 0.992014 -0.000000 0.126130 0.992014 -1.000000 -0.000001 0.000002 -1.000000 -0.000001 0.000002 0.000000 -0.444240 -0.895908 0.000000 -0.444240 -0.895908 0.000000 -0.444240 -0.895908 0.000000 -0.444240 -0.895908 -0.000000 0.126130 0.992014 -0.000000 0.126130 0.992014 0.000000 -0.110101 -0.993920 0.000000 -0.110101 -0.993920 0.000000 -0.110101 -0.993920 0.000000 -0.110101 -0.993920 1.000000 -0.000002 -0.000001 1.000000 -0.000002 -0.000001 1.000000 -0.000002 -0.000001 1.000000 -0.000002 -0.000001 0.000000 -0.110101 -0.993920 0.000000 -0.110101 -0.993920 1.000000 -0.000000 0.000000 1.000000 -0.000000 0.000000 1.000000 -0.000000 0.000000 1.000000 -0.000000 0.000000 -1.000000 -0.000000 -0.000000 -1.000000 -0.000000 -0.000000 -0.000000 0.607788 0.794099 -0.000000 0.607788 0.794099 -0.000000 0.607788 0.794099 -0.000000 0.607788 0.794099 0.000000 -0.444240 -0.895908 0.000000 -0.444240 -0.895908 -0.000000 0.607788 0.794099 -0.000000 0.607788 0.794099 0.000000 -0.999955 -0.009461 0.000000 -0.999955 -0.009461 0.000000 -0.999955 -0.009461 0.000000 -0.999955 -0.009461 0.000000 0.999977 0.006761 0.000000 0.999977 0.006761 0.000000 0.999977 0.006761 0.000000 0.999977 0.006761 -0.000001 0.974689 0.223565 -0.000001 0.974689 0.223565 
						-0.000001 0.974689 0.223565 -0.000001 0.974689 0.223565 0.000001 -0.933587 -0.358352 0.000001 -0.933587 -0.358352 0.000001 -0.933587 -0.358352 0.000001 -0.933587 -0.358352 -0.000000 0.974689 0.223565 -0.000000 0.974689 0.223565 0.000000 -0.933587 -0.358350 0.000000 -0.933587 -0.358350 -0.000001 0.999978 0.006673 -0.000001 0.999978 0.006673 -0.000001 0.999978 0.006673 -0.000001 0.999978 0.006673 1.000000 -0.000000 0.000000 1.000000 -0.000000 0.000000 1.000000 -0.000000 0.000000 1.000000 -0.000000 0.000000 -1.000000 0.000000 0.000000 -1.000000 0.000000 0.000000 -0.000001 0.999977 0.006761 -0.000001 0.999977 0.006761 0.000001 -0.999955 -0.009461 0.000001 -0.999955 -0.009461 0.000000 -0.001709 0.999999 0.000000 -0.001709 0.999999 0.000000 -0.001709 0.999999 0.000000 -0.001709 0.999999 0.000000 -0.001709 0.999999 0.000000 -0.001709 0.999999 0.000000 -0.999978 -0.006674 0.000000 -0.999978 -0.006674 0.000000 -0.999978 -0.006674 0.000000 -0.999978 -0.006674 -0.000000 0.999978 0.006674 -0.000000 0.999978 0.006674 0.000000 -0.999978 -0.006674 0.000000 -0.999978 -0.006674 -1.000000 -0.000000 0.000000 -1.000000 -0.000000 0.000000 0.000000 -0.000005 -1.000000 0.000000 -0.000005 -1.000000 0.000000 -0.000005 -1.000000 0.000000 -0.000005 -1.000000 0.000000 -0.000005 -1.000000 0.000000 -0.000005 -1.000000 0.000000 -0.000005 -1.000000 0.000000 -0.000005 -1.000000 0.000000 -0.000005 -1.000000 0.000000 -0.000005 -1.000000 0.000000 -0.000005 -1.000000 0.000000 -0.000005 -1.000000 -1.000000 -0.000005 0.000001 -1.000000 -0.000005 0.000001 -1.000000 -0.000005 0.000001 -1.000000 -0.000005 0.000001 0.000000 0.000005 1.000000 0.000000 0.000005 1.000000 0.000000 0.000005 1.000000 0.000000 0.000005 1.000000 -0.000000 0.000005 1.000000 -0.000000 0.000005 1.000000 -0.000000 0.000005 1.000000 -0.000000 0.000005 1.000000 
						-0.000000 0.000005 1.000000 -0.000000 0.000005 1.000000 1.000000 0.000003 -0.000000 1.000000 0.000003 -0.000000 1.000000 0.000003 -0.000000 1.000000 0.000003 -0.000000 -0.946004 -0.062469 0.318078 -0.946004 -0.062469 0.318078 -0.946004 -0.062469 0.318078 -0.946004 -0.062469 0.318078 -0.000000 -0.999822 -0.018860 -0.000000 -0.999822 -0.018860 -0.000000 -0.999822 -0.018860 -0.000000 -0.999822 -0.018860 -0.000000 -0.999822 -0.018860 -0.000000 -0.999822 -0.018860 -0.000000 -0.999822 -0.018860 -0.000000 -0.999822 -0.018860 -0.000000 -0.999822 -0.018860 -0.000000 -0.999822 -0.018860 -0.000000 -0.999822 -0.018860 -0.483756 0.028606 0.874735 -0.483756 0.028606 0.874735 -0.483756 0.028606 0.874735 -0.483756 0.028606 0.874735 -0.180700 0.011110 0.983476 -0.180700 0.011110 0.983476 -0.180700 0.011110 0.983476 -0.180700 0.011110 0.983476 0.294920 0.009622 0.955473 0.294920 0.009622 0.955473 0.294920 0.009622 0.955473 0.294920 0.009622 0.955473 0.000000 0.999822 -0.018860 0.000000 0.999822 -0.018860 0.000000 0.999822 -0.018860 0.000000 0.999822 -0.018860 0.000000 0.999822 -0.018860 0.000000 0.999822 -0.018860 0.000000 0.999822 -0.018860 0.000000 0.999822 -0.018860 0.000000 0.999822 -0.018860 0.000000 0.999822 -0.018860 0.000000 0.999822 -0.018860 0.999937 0.007727 -0.008139 0.999937 0.007727 -0.008139 0.999937 0.007727 -0.008139 0.999937 0.007727 -0.008139 -0.994779 -0.086777 0.053701 -0.994779 -0.086777 0.053701 -0.994779 -0.086777 0.053701 -0.994779 -0.086777 0.053701 -0.214153 0.005630 -0.976784 -0.214153 0.005630 -0.976784 -0.214153 0.005630 -0.976784 -0.214153 0.005630 -0.976784 -0.994959 -0.058384 -0.081532 -0.994959 -0.058384 -0.081532 -0.994959 -0.058384 -0.081532 -0.994959 -0.058384 -0.081532 0.225030 0.000672 -0.974352 0.225030 0.000672 -0.974352 0.225030 0.000672 -0.974352 0.225030 0.000672 -0.974352 
						0.000000 0.000000 -1.000000 0.000000 0.000000 -1.000000 0.000000 0.000000 -1.000000 0.000000 0.000000 -1.000000 0.000000 0.000000 -1.000000 0.000000 0.000000 -1.000000 0.000000 0.000000 -1.000000 0.000000 0.000000 -1.000000 0.225030 -0.000672 -0.974351 0.225030 -0.000672 -0.974351 0.225030 -0.000672 -0.974351 0.225030 -0.000672 -0.974351 -0.994550 0.059038 -0.085936 -0.994550 0.059038 -0.085936 -0.994550 0.059038 -0.085936 -0.994550 0.059038 -0.085936 -0.214153 -0.005630 -0.976784 -0.214153 -0.005630 -0.976784 -0.214153 -0.005630 -0.976784 -0.214153 -0.005630 -0.976784 -0.994779 0.086777 0.053701 -0.994779 0.086777 0.053701 -0.994779 0.086777 0.053701 -0.994779 0.086777 0.053701 0.999937 -0.007727 -0.008139 0.999937 -0.007727 -0.008139 0.999937 -0.007727 -0.008139 0.999937 -0.007727 -0.008139 0.294920 -0.009622 0.955473 0.294920 -0.009622 0.955473 0.294920 -0.009622 0.955473 0.294920 -0.009622 0.955473 -0.180699 -0.011110 0.983476 -0.180699 -0.011110 0.983476 -0.180699 -0.011110 0.983476 -0.180699 -0.011110 0.983476 -0.483757 -0.028606 0.874735 -0.483757 -0.028606 0.874735 -0.483757 -0.028606 0.874735 -0.483757 -0.028606 0.874735 -0.946004 0.062469 0.318078 -0.946004 0.062469 0.318078 -0.946004 0.062469 0.318078 -0.946004 0.062469 0.318078 -0.997187 0.000359 -0.074953 -0.997187 0.000359 -0.074953 -0.997187 0.000359 -0.074953 -0.997187 0.000359 -0.074953 -0.997185 -0.000355 -0.074980 -0.997185 -0.000355 -0.074980 -0.997185 -0.000355 -0.074980 -0.997185 -0.000355 -0.074980 -0.000743 -0.000000 1.000000 -0.000743 -0.000000 1.000000 -0.000743 -0.000000 1.000000 -0.000743 -0.000000 1.000000 -0.000741 0.000000 1.000000 -0.000741 0.000000 1.000000 0.000000 -1.000000 -0.000000 0.000000 -1.000000 -0.000000 0.000000 1.000000 0.000000 0.000000 1.000000 0.000000 -1.000000 0.000000 0.000000 1.000000 0.000000 0.000000 
						0.000000 1.000000 0.000002 0.000000 1.000000 0.000002 0.000000 1.000000 0.000002 0.000000 1.000000 0.000002 0.000000 1.000000 0.000002 0.000000 1.000000 0.000002 0.000000 1.000000 0.000002 0.000000 -1.000000 -0.000000 0.000000 -1.000000 -0.000000 0.000000 -1.000000 -0.000000 0.000000 -1.000000 -0.000000 0.000000 -1.000000 -0.000000 0.000000 -1.000000 -0.000000 0.000000 -1.000000 -0.000000 0.000000 0.000000 -1.000000 0.000000 0.000000 -1.000000 0.000000 0.000000 -1.000000 0.000000 0.000000 -1.000000 0.000000 1.000000 -0.000001 0.000000 1.000000 -0.000001 0.000000 1.000000 -0.000001 0.000000 1.000000 -0.000001 0.000000 1.000000 -0.000001 0.000000 1.000000 -0.000001 0.000000 1.000000 -0.000001 -0.031978 0.000000 0.999489 -0.031978 0.000000 0.999489 -0.031978 0.000000 0.999489 -0.031978 0.000000 0.999489 -0.118564 0.000000 0.992946 -0.118564 0.000000 0.992946 -0.118564 0.000000 0.992946 -0.118564 0.000000 0.992946 -0.407041 -0.000000 0.913410 -0.407041 -0.000000 0.913410 -0.407041 -0.000000 0.913410 -0.407041 -0.000000 0.913410 -0.000000 -0.000000 1.000000 -0.000000 -0.000000 1.000000 -0.000000 -0.000000 1.000000 -0.000000 -0.000000 1.000000 0.127052 0.000000 0.991896 0.127052 0.000000 0.991896 0.127052 0.000000 0.991896 0.127052 0.000000 0.991896 0.598237 0.000000 0.801319 0.598237 0.000000 0.801319 0.598237 0.000000 0.801319 0.598237 0.000000 0.801319 0.000000 -1.000000 0.000000 0.000000 -1.000000 0.000000 0.000000 -1.000000 0.000000 0.000000 -1.000000 0.000000 0.000000 -1.000000 0.000000 0.000000 -1.000000 0.000000 0.000000 -1.000000 0.000000 0.000000 0.000000 -1.000000 0.000000 0.000000 -1.000000 0.000000 0.000000 -1.000000 0.000000 0.000000 -1.000000 -0.031978 0.000000 0.999489 -0.031978 0.000000 0.999489 -0.031978 0.000000 0.999489 -0.031978 0.000000 0.999489 
						-0.118564 0.000000 0.992947 -0.118564 0.000000 0.992947 -0.118564 0.000000 0.992947 -0.118564 0.000000 0.992947 -0.407040 -0.000000 0.913410 -0.407040 -0.000000 0.913410 -0.407040 -0.000000 0.913410 -0.407040 -0.000000 0.913410 -0.000000 -0.000000 1.000000 -0.000000 -0.000000 1.000000 -0.000000 -0.000000 1.000000 -0.000000 -0.000000 1.000000 0.127052 0.000000 0.991896 0.127052 0.000000 0.991896 0.127052 0.000000 0.991896 0.127052 0.000000 0.991896 0.598237 0.000000 0.801319 0.598237 0.000000 0.801319 0.598237 0.000000 0.801319 0.598237 0.000000 0.801319 -0.761575 -0.000000 0.648077 -0.761575 -0.000000 0.648077 -0.761575 -0.000000 0.648077 -0.761575 -0.000000 0.648077 -0.761573 -0.000000 -0.648079 -0.761573 -0.000000 -0.648079 -0.761573 -0.000000 -0.648079 -0.761573 -0.000000 -0.648079 0.000000 -1.000000 -0.000001 0.000000 -1.000000 -0.000001 0.000000 -1.000000 -0.000001 0.000000 -1.000000 -0.000001 0.000000 -1.000000 -0.000001 0.000000 -1.000000 -0.000001 0.000000 -1.000000 -0.000001 0.000000 -1.000000 -0.000001 0.761575 0.000000 0.648077 0.761575 0.000000 0.648077 0.761575 0.000000 0.648077 0.761575 0.000000 0.648077 0.761575 0.000000 -0.648077 0.761575 0.000000 -0.648077 0.761575 0.000000 -0.648077 0.761575 0.000000 -0.648077 0.197641 -0.000000 0.980274 0.197641 -0.000000 0.980274 0.197641 -0.000000 0.980274 0.197641 -0.000000 0.980274 0.197641 0.000000 -0.980274 0.197641 0.000000 -0.980274 0.197641 0.000000 -0.980274 0.197641 0.000000 -0.980274 -0.197641 0.000000 -0.980274 -0.197641 0.000000 -0.980274 -0.197641 0.000000 -0.980274 -0.197641 0.000000 -0.980274 -0.170821 -0.502966 0.847258 -0.170821 -0.502966 0.847258 -0.170821 -0.502966 0.847258 -0.170821 -0.502966 0.847258 -0.658234 -0.502966 0.560137 -0.658234 -0.502966 0.560137 -0.658234 -0.502966 0.560137 -0.658234 -0.502966 0.560137 
						-0.658234 -0.502963 -0.560139 -0.658234 -0.502963 -0.560139 -0.658234 -0.502963 -0.560139 -0.658234 -0.502963 -0.560139 -0.170822 -0.502965 -0.847258 -0.170822 -0.502965 -0.847258 -0.170822 -0.502965 -0.847258 -0.170822 -0.502965 -0.847258 0.170822 -0.502965 -0.847258 0.170822 -0.502965 -0.847258 0.170822 -0.502965 -0.847258 0.170822 -0.502965 -0.847258 0.658236 -0.502963 -0.560136 0.658236 -0.502963 -0.560136 0.658236 -0.502963 -0.560136 0.658236 -0.502963 -0.560136 0.658235 -0.502964 0.560137 0.658235 -0.502964 0.560137 0.658235 -0.502964 0.560137 0.658235 -0.502964 0.560137 0.170822 -0.502964 0.847258 0.170822 -0.502964 0.847258 0.170822 -0.502964 0.847258 0.170822 -0.502964 0.847258 0.000000 1.000000 0.000001 0.000000 1.000000 0.000001 0.000000 1.000000 0.000001 0.000000 1.000000 0.000001 0.000000 1.000000 0.000001 0.000000 1.000000 0.000001 0.000000 1.000000 0.000001 0.000000 1.000000 0.000001 -0.170822 0.502966 0.847257 -0.170822 0.502966 0.847257 -0.170822 0.502966 0.847257 -0.170822 0.502966 0.847257 -0.658234 0.502964 0.560138 -0.658234 0.502964 0.560138 -0.658234 0.502964 0.560138 -0.658234 0.502964 0.560138 -0.658232 0.502965 -0.560140 -0.658232 0.502965 -0.560140 -0.658232 0.502965 -0.560140 -0.658232 0.502965 -0.560140 -0.170822 0.502967 -0.847257 -0.170822 0.502967 -0.847257 -0.170822 0.502967 -0.847257 -0.170822 0.502967 -0.847257 0.170822 0.502968 -0.847256 0.170822 0.502968 -0.847256 0.170822 0.502968 -0.847256 0.170822 0.502968 -0.847256 0.658234 0.502967 -0.560136 0.658234 0.502967 -0.560136 0.658234 0.502967 -0.560136 0.658234 0.502967 -0.560136 0.658232 0.502967 0.560138 0.658232 0.502967 0.560138 0.658232 0.502967 0.560138 0.658232 0.502967 0.560138 0.170822 0.502969 0.847256 0.170822 0.502969 0.847256 0.170822 0.502969 0.847256 0.170822 0.502969 0.847256 
						-0.197640 -0.000000 0.980275 -0.197640 -0.000000 0.980275 -0.197640 -0.000000 0.980275 -0.197640 -0.000000 0.980275 -0.761575 -0.000000 0.648076 -0.761575 -0.000000 0.648076 -0.761575 -0.000000 0.648076 -0.761575 -0.000000 0.648076 -0.761572 -0.000000 -0.648080 -0.761572 -0.000000 -0.648080 -0.761572 -0.000000 -0.648080 -0.761572 -0.000000 -0.648080 0.000000 -1.000000 -0.000000 0.000000 -1.000000 -0.000000 0.000000 -1.000000 -0.000000 0.000000 -1.000000 -0.000000 0.000000 -1.000000 -0.000000 0.000000 -1.000000 -0.000000 0.000000 -1.000000 -0.000000 0.000000 -1.000000 -0.000000 0.761575 0.000000 0.648076 0.761575 0.000000 0.648076 0.761575 0.000000 0.648076 0.761575 0.000000 0.648076 0.761575 0.000000 -0.648076 0.761575 0.000000 -0.648076 0.761575 0.000000 -0.648076 0.761575 0.000000 -0.648076 0.197641 0.000000 0.980274 0.197641 0.000000 0.980274 0.197641 0.000000 0.980274 0.197641 0.000000 0.980274 0.197641 0.000000 -0.980274 0.197641 0.000000 -0.980274 0.197641 0.000000 -0.980274 0.197641 0.000000 -0.980274 -0.197641 -0.000000 -0.980274 -0.197641 -0.000000 -0.980274 -0.197641 -0.000000 -0.980274 -0.197641 -0.000000 -0.980274 -0.170821 -0.502963 0.847259 -0.170821 -0.502963 0.847259 -0.170821 -0.502963 0.847259 -0.170821 -0.502963 0.847259 -0.658234 -0.502964 0.560139 -0.658234 -0.502964 0.560139 -0.658234 -0.502964 0.560139 -0.658234 -0.502964 0.560139 -0.658234 -0.502963 -0.560139 -0.658234 -0.502963 -0.560139 -0.658234 -0.502963 -0.560139 -0.658234 -0.502963 -0.560139 -0.170823 -0.502964 -0.847258 -0.170823 -0.502964 -0.847258 -0.170823 -0.502964 -0.847258 -0.170823 -0.502964 -0.847258 0.170823 -0.502964 -0.847258 0.170823 -0.502964 -0.847258 0.170823 -0.502964 -0.847258 0.170823 -0.502964 -0.847258 0.658235 -0.502962 -0.560139 0.658235 -0.502962 -0.560139 0.658235 -0.502962 -0.560139 0.658235 -0.502962 -0.560139 
						0.658236 -0.502962 0.560138 0.658236 -0.502962 0.560138 0.658236 -0.502962 0.560138 0.658236 -0.502962 0.560138 0.170822 -0.502963 0.847259 0.170822 -0.502963 0.847259 0.170822 -0.502963 0.847259 0.170822 -0.502963 0.847259 0.000000 1.000000 0.000000 0.000000 1.000000 0.000000 0.000000 1.000000 0.000000 0.000000 1.000000 0.000000 0.000000 1.000000 0.000000 0.000000 1.000000 0.000000 0.000000 1.000000 0.000000 0.000000 1.000000 0.000000 -0.170823 0.502965 0.847258 -0.170823 0.502965 0.847258 -0.170823 0.502965 0.847258 -0.170823 0.502965 0.847258 -0.658235 0.502963 0.560138 -0.658235 0.502963 0.560138 -0.658235 0.502963 0.560138 -0.658235 0.502963 0.560138 -0.658232 0.502964 -0.560141 -0.658232 0.502964 -0.560141 -0.658232 0.502964 -0.560141 -0.658232 0.502964 -0.560141 -0.170822 0.502966 -0.847257 -0.170822 0.502966 -0.847257 -0.170822 0.502966 -0.847257 -0.170822 0.502966 -0.847257 0.170822 0.502967 -0.847257 0.170822 0.502967 -0.847257 0.170822 0.502967 -0.847257 0.170822 0.502967 -0.847257 0.658233 0.502966 -0.560138 0.658233 0.502966 -0.560138 0.658233 0.502966 -0.560138 0.658233 0.502966 -0.560138 0.658234 0.502966 0.560137 0.658234 0.502966 0.560137 0.658234 0.502966 0.560137 0.658234 0.502966 0.560137 0.170823 0.502968 0.847256 0.170823 0.502968 0.847256 0.170823 0.502968 0.847256 0.170823 0.502968 0.847256 -0.197640 -0.000000 0.980275 -0.197640 -0.000000 0.980275 -0.197640 -0.000000 0.980275 -0.197640 -0.000000 0.980275 -0.619542 -0.442905 0.648077 -0.619542 -0.442905 0.648077 -0.619542 -0.442905 0.648077 -0.619542 -0.442905 0.648077 -0.619540 -0.442903 -0.648079 -0.619540 -0.442903 -0.648079 -0.619540 -0.442903 -0.648079 -0.619540 -0.442903 -0.648079 0.581565 -0.813500 -0.000003 0.581565 -0.813500 -0.000003 0.581565 -0.813500 -0.000003 0.581565 -0.813500 -0.000003 
						0.581565 -0.813500 -0.000003 0.581565 -0.813500 -0.000003 0.581565 -0.813500 -0.000003 0.581565 -0.813500 -0.000003 0.619538 0.442908 0.648079 0.619538 0.442908 0.648079 0.619538 0.442908 0.648079 0.619538 0.442908 0.648079 0.619537 0.442908 -0.648079 0.619537 0.442908 -0.648079 0.619537 0.442908 -0.648079 0.619537 0.442908 -0.648079 0.160780 0.114942 0.980274 0.160780 0.114942 0.980274 0.160780 0.114942 0.980274 0.160780 0.114942 0.980274 0.160782 0.114942 -0.980274 0.160782 0.114942 -0.980274 0.160782 0.114942 -0.980274 0.160782 0.114942 -0.980274 -0.160780 -0.114941 -0.980275 -0.160780 -0.114941 -0.980275 -0.160780 -0.114941 -0.980275 -0.160780 -0.114941 -0.980275 0.153543 -0.508506 0.847258 0.153543 -0.508506 0.847258 0.153543 -0.508506 0.847258 0.153543 -0.508506 0.847258 -0.242967 -0.791964 0.560144 -0.242967 -0.791964 0.560144 -0.242967 -0.791964 0.560144 -0.242967 -0.791964 0.560144 -0.242961 -0.791964 -0.560145 -0.242961 -0.791964 -0.560145 -0.242961 -0.791964 -0.560145 -0.242961 -0.791964 -0.560145 0.153545 -0.508510 -0.847256 0.153545 -0.508510 -0.847256 0.153545 -0.508510 -0.847256 0.153545 -0.508510 -0.847256 0.431469 -0.309818 -0.847259 0.431469 -0.309818 -0.847259 0.431469 -0.309818 -0.847259 0.431469 -0.309818 -0.847259 0.827978 -0.026356 -0.560141 0.827978 -0.026356 -0.560141 0.827978 -0.026356 -0.560141 0.827978 -0.026356 -0.560141 0.827979 -0.026356 0.560140 0.827979 -0.026356 0.560140 0.827979 -0.026356 0.560140 0.827979 -0.026356 0.560140 0.431470 -0.309818 0.847258 0.431470 -0.309818 0.847258 0.431470 -0.309818 0.847258 0.431470 -0.309818 0.847258 -0.581566 0.813499 0.000000 -0.581566 0.813499 0.000000 -0.581566 0.813499 0.000000 -0.581566 0.813499 0.000000 -0.581566 0.813499 0.000000 -0.581566 0.813499 0.000000 -0.581566 0.813499 0.000000 -0.581566 0.813499 0.000000 
						-0.431472 0.309819 0.847257 -0.431472 0.309819 0.847257 -0.431472 0.309819 0.847257 -0.431472 0.309819 0.847257 -0.827982 0.026358 0.560135 -0.827982 0.026358 0.560135 -0.827982 0.026358 0.560135 -0.827982 0.026358 0.560135 -0.827980 0.026358 -0.560138 -0.827980 0.026358 -0.560138 -0.827980 0.026358 -0.560138 -0.827980 0.026358 -0.560138 -0.431469 0.309816 -0.847259 -0.431469 0.309816 -0.847259 -0.431469 0.309816 -0.847259 -0.431469 0.309816 -0.847259 -0.153543 0.508505 -0.847259 -0.153543 0.508505 -0.847259 -0.153543 0.508505 -0.847259 -0.153543 0.508505 -0.847259 0.242961 0.791968 -0.560140 0.242961 0.791968 -0.560140 0.242961 0.791968 -0.560140 0.242961 0.791968 -0.560140 0.242961 0.791967 0.560141 0.242961 0.791967 0.560141 0.242961 0.791967 0.560141 0.242961 0.791967 0.560141 -0.153543 0.508506 0.847258 -0.153543 0.508506 0.847258 -0.153543 0.508506 0.847258 -0.153543 0.508506 0.847258 -0.160779 -0.114941 0.980275 -0.160779 -0.114941 0.980275 -0.160779 -0.114941 0.980275 -0.160779 -0.114941 0.980275 -0.619541 -0.442908 0.648075 -0.619541 -0.442908 0.648075 -0.619541 -0.442908 0.648075 -0.619541 -0.442908 0.648075 -0.619539 -0.442906 -0.648079 -0.619539 -0.442906 -0.648079 -0.619539 -0.442906 -0.648079 -0.619539 -0.442906 -0.648079 0.581565 -0.813500 0.000001 0.581565 -0.813500 0.000001 0.581565 -0.813500 0.000001 0.581565 -0.813500 0.000001 0.581565 -0.813500 0.000001 0.581565 -0.813500 0.000001 0.581565 -0.813500 0.000001 0.581565 -0.813500 0.000001 0.619538 0.442904 0.648080 0.619538 0.442904 0.648080 0.619538 0.442904 0.648080 0.619538 0.442904 0.648080 0.619539 0.442904 -0.648080 0.619539 0.442904 -0.648080 0.619539 0.442904 -0.648080 0.619539 0.442904 -0.648080 0.160781 0.114941 0.980274 0.160781 0.114941 0.980274 0.160781 0.114941 0.980274 0.160781 0.114941 0.980274 
						0.160780 0.114941 -0.980275 0.160780 0.114941 -0.980275 0.160780 0.114941 -0.980275 0.160780 0.114941 -0.980275 -0.160780 -0.114942 -0.980274 -0.160780 -0.114942 -0.980274 -0.160780 -0.114942 -0.980274 -0.160780 -0.114942 -0.980274 0.153543 -0.508506 0.847258 0.153543 -0.508506 0.847258 0.153543 -0.508506 0.847258 0.153543 -0.508506 0.847258 -0.242971 -0.791966 0.560138 -0.242971 -0.791966 0.560138 -0.242971 -0.791966 0.560138 -0.242971 -0.791966 0.560138 -0.242964 -0.791968 -0.560138 -0.242964 -0.791968 -0.560138 -0.242964 -0.791968 -0.560138 -0.242964 -0.791968 -0.560138 0.153545 -0.508508 -0.847256 0.153545 -0.508508 -0.847256 0.153545 -0.508508 -0.847256 0.153545 -0.508508 -0.847256 0.431469 -0.309817 -0.847259 0.431469 -0.309817 -0.847259 0.431469 -0.309817 -0.847259 0.431469 -0.309817 -0.847259 0.827978 -0.026352 -0.560141 0.827978 -0.026352 -0.560141 0.827978 -0.026352 -0.560141 0.827978 -0.026352 -0.560141 0.827978 -0.026352 0.560141 0.827978 -0.026352 0.560141 0.827978 -0.026352 0.560141 0.827978 -0.026352 0.560141 0.431470 -0.309818 0.847258 0.431470 -0.309818 0.847258 0.431470 -0.309818 0.847258 0.431470 -0.309818 0.847258 -0.581565 0.813500 0.000000 -0.581565 0.813500 0.000000 -0.581565 0.813500 0.000000 -0.581565 0.813500 0.000000 -0.581565 0.813500 0.000000 -0.581565 0.813500 0.000000 -0.581565 0.813500 0.000000 -0.581565 0.813500 0.000000 -0.431468 0.309816 0.847260 -0.431468 0.309816 0.847260 -0.431468 0.309816 0.847260 -0.431468 0.309816 0.847260 -0.827980 0.026358 0.560138 -0.827980 0.026358 0.560138 -0.827980 0.026358 0.560138 -0.827980 0.026358 0.560138 -0.827979 0.026358 -0.560139 -0.827979 0.026358 -0.560139 -0.827979 0.026358 -0.560139 -0.827979 0.026358 -0.560139 -0.431470 0.309816 -0.847259 -0.431470 0.309816 -0.847259 -0.431470 0.309816 -0.847259 -0.431470 0.309816 -0.847259 
						-0.153546 0.508508 -0.847256 -0.153546 0.508508 -0.847256 -0.153546 0.508508 -0.847256 -0.153546 0.508508 -0.847256 0.242958 0.791970 -0.560139 0.242958 0.791970 -0.560139 0.242958 0.791970 -0.560139 0.242958 0.791970 -0.560139 0.242957 0.791970 0.560139 0.242957 0.791970 0.560139 0.242957 0.791970 0.560139 0.242957 0.791970 0.560139 -0.153545 0.508508 0.847256 -0.153545 0.508508 0.847256 -0.153545 0.508508 0.847256 -0.153545 0.508508 0.847256 -0.160781 -0.114942 0.980274 -0.160781 -0.114942 0.980274 -0.160781 -0.114942 0.980274 -0.160781 -0.114942 0.980274 -0.164057 0.743692 0.648080 -0.164057 0.743692 0.648080 -0.164057 0.743692 0.648080 -0.164057 0.743692 0.648080 -0.164055 0.743691 -0.648081 -0.164055 0.743691 -0.648081 -0.164055 0.743691 -0.648081 -0.164055 0.743691 -0.648081 -0.976522 -0.215418 0.000000 -0.976522 -0.215418 0.000000 -0.976522 -0.215418 0.000000 -0.976522 -0.215418 0.000000 -0.976522 -0.215418 0.000000 -0.976522 -0.215418 0.000000 -0.976522 -0.215418 0.000000 -0.976522 -0.215418 0.000000 0.164059 -0.743691 0.648080 0.164059 -0.743691 0.648080 0.164059 -0.743691 0.648080 0.164059 -0.743691 0.648080 0.164059 -0.743691 -0.648080 0.164059 -0.743691 -0.648080 0.164059 -0.743691 -0.648080 0.164059 -0.743691 -0.648080 0.042575 -0.193002 0.980274 0.042575 -0.193002 0.980274 0.042575 -0.193002 0.980274 0.042575 -0.193002 0.980274 0.042575 -0.193002 -0.980274 0.042575 -0.193002 -0.980274 0.042575 -0.193002 -0.980274 0.042575 -0.193002 -0.980274 -0.042574 0.193001 -0.980275 -0.042574 0.193001 -0.980275 -0.042574 0.193001 -0.980275 -0.042574 0.193001 -0.980275 -0.527952 0.058467 0.847259 -0.527952 0.058467 0.847259 -0.527952 0.058467 0.847259 -0.527952 0.058467 0.847259 -0.632943 0.534439 0.560141 -0.632943 0.534439 0.560141 -0.632943 0.534439 0.560141 -0.632943 0.534439 0.560141 
						-0.632949 0.534432 -0.560141 -0.632949 0.534432 -0.560141 -0.632949 0.534432 -0.560141 -0.632949 0.534432 -0.560141 -0.527954 0.058465 -0.847258 -0.527954 0.058465 -0.847258 -0.527954 0.058465 -0.847258 -0.527954 0.058465 -0.847258 -0.454358 -0.275158 -0.847258 -0.454358 -0.275158 -0.847258 -0.454358 -0.275158 -0.847258 -0.454358 -0.275158 -0.847258 -0.349361 -0.751128 -0.560138 -0.349361 -0.751128 -0.560138 -0.349361 -0.751128 -0.560138 -0.349361 -0.751128 -0.560138 -0.349360 -0.751128 0.560138 -0.349360 -0.751128 0.560138 -0.349360 -0.751128 0.560138 -0.349360 -0.751128 0.560138 -0.454359 -0.275159 0.847258 -0.454359 -0.275159 0.847258 -0.454359 -0.275159 0.847258 -0.454359 -0.275159 0.847258 0.976522 0.215417 -0.000000 0.976522 0.215417 -0.000000 0.976522 0.215417 -0.000000 0.976522 0.215417 -0.000000 0.976522 0.215417 -0.000000 0.976522 0.215417 -0.000000 0.976522 0.215417 -0.000000 0.976522 0.215417 -0.000000 0.454358 0.275159 0.847258 0.454358 0.275159 0.847258 0.454358 0.275159 0.847258 0.454358 0.275159 0.847258 0.349363 0.751127 0.560137 0.349363 0.751127 0.560137 0.349363 0.751127 0.560137 0.349363 0.751127 0.560137 0.349364 0.751125 -0.560140 0.349364 0.751125 -0.560140 0.349364 0.751125 -0.560140 0.349364 0.751125 -0.560140 0.454359 0.275160 -0.847257 0.454359 0.275160 -0.847257 0.454359 0.275160 -0.847257 0.454359 0.275160 -0.847257 0.527956 -0.058467 -0.847257 0.527956 -0.058467 -0.847257 0.527956 -0.058467 -0.847257 0.527956 -0.058467 -0.847257 0.632957 -0.534424 -0.560139 0.632957 -0.534424 -0.560139 0.632957 -0.534424 -0.560139 0.632957 -0.534424 -0.560139 0.632957 -0.534424 0.560139 0.632957 -0.534424 0.560139 0.632957 -0.534424 0.560139 0.632957 -0.534424 0.560139 0.527958 -0.058467 0.847256 0.527958 -0.058467 0.847256 0.527958 -0.058467 0.847256 0.527958 -0.058467 0.847256 
						-0.042576 0.192999 0.980275 -0.042576 0.192999 0.980275 -0.042576 0.192999 0.980275 -0.042576 0.192999 0.980275 -0.164059 0.743692 0.648079 -0.164059 0.743692 0.648079 -0.164059 0.743692 0.648079 -0.164059 0.743692 0.648079 -0.164057 0.743691 -0.648081 -0.164057 0.743691 -0.648081 -0.164057 0.743691 -0.648081 -0.164057 0.743691 -0.648081 -0.976522 -0.215417 -0.000001 -0.976522 -0.215417 -0.000001 -0.976522 -0.215417 -0.000001 -0.976522 -0.215417 -0.000001 -0.976522 -0.215417 -0.000001 -0.976522 -0.215417 -0.000001 -0.976522 -0.215417 -0.000001 -0.976522 -0.215417 -0.000001 0.164052 -0.743692 0.648081 0.164052 -0.743692 0.648081 0.164052 -0.743692 0.648081 0.164052 -0.743692 0.648081 0.164052 -0.743693 -0.648080 0.164052 -0.743693 -0.648080 0.164052 -0.743693 -0.648080 0.164052 -0.743693 -0.648080 0.042576 -0.193002 0.980274 0.042576 -0.193002 0.980274 0.042576 -0.193002 0.980274 0.042576 -0.193002 0.980274 0.042576 -0.193002 -0.980274 0.042576 -0.193002 -0.980274 0.042576 -0.193002 -0.980274 0.042576 -0.193002 -0.980274 -0.042576 0.193000 -0.980275 -0.042576 0.193000 -0.980275 -0.042576 0.193000 -0.980275 -0.042576 0.193000 -0.980275 -0.527952 0.058465 0.847260 -0.527952 0.058465 0.847260 -0.527952 0.058465 0.847260 -0.527952 0.058465 0.847260 -0.632946 0.534439 0.560138 -0.632946 0.534439 0.560138 -0.632946 0.534439 0.560138 -0.632946 0.534439 0.560138 -0.632949 0.534435 -0.560138 -0.632949 0.534435 -0.560138 -0.632949 0.534435 -0.560138 -0.632949 0.534435 -0.560138 -0.527953 0.058466 -0.847258 -0.527953 0.058466 -0.847258 -0.527953 0.058466 -0.847258 -0.527953 0.058466 -0.847258 -0.454359 -0.275159 -0.847257 -0.454359 -0.275159 -0.847257 -0.454359 -0.275159 -0.847257 -0.454359 -0.275159 -0.847257 -0.349359 -0.751125 -0.560142 -0.349359 -0.751125 -0.560142 -0.349359 -0.751125 -0.560142 -0.349359 -0.751125 -0.560142 
						-0.349360 -0.751124 0.560142 -0.349360 -0.751124 0.560142 -0.349360 -0.751124 0.560142 -0.349360 -0.751124 0.560142 -0.454359 -0.275159 0.847257 -0.454359 -0.275159 0.847257 -0.454359 -0.275159 0.847257 -0.454359 -0.275159 0.847257 0.976522 0.215419 0.000001 0.976522 0.215419 0.000001 0.976522 0.215419 0.000001 0.976522 0.215419 0.000001 0.976522 0.215419 0.000001 0.976522 0.215419 0.000001 0.976522 0.215419 0.000001 0.976522 0.215419 0.000001 0.454357 0.275158 0.847259 0.454357 0.275158 0.847259 0.454357 0.275158 0.847259 0.454357 0.275158 0.847259 0.349364 0.751128 0.560136 0.349364 0.751128 0.560136 0.349364 0.751128 0.560136 0.349364 0.751128 0.560136 0.349366 0.751125 -0.560138 0.349366 0.751125 -0.560138 0.349366 0.751125 -0.560138 0.349366 0.751125 -0.560138 0.454357 0.275159 -0.847259 0.454357 0.275159 -0.847259 0.454357 0.275159 -0.847259 0.454357 0.275159 -0.847259 0.527952 -0.058468 -0.847259 0.527952 -0.058468 -0.847259 0.527952 -0.058468 -0.847259 0.527952 -0.058468 -0.847259 0.632949 -0.534435 -0.560138 0.632949 -0.534435 -0.560138 0.632949 -0.534435 -0.560138 0.632949 -0.534435 -0.560138 0.632952 -0.534431 0.560139 0.632952 -0.534431 0.560139 0.632952 -0.534431 0.560139 0.632952 -0.534431 0.560139 0.527952 -0.058469 0.847259 0.527952 -0.058469 0.847259 0.527952 -0.058469 0.847259 0.527952 -0.058469 0.847259 -0.042575 0.192999 0.980275 -0.042575 0.192999 0.980275 -0.042575 0.192999 0.980275 -0.042575 0.192999 0.980275 -0.610034 0.455907 0.648079 -0.610034 0.455907 0.648079 -0.610034 0.455907 0.648079 -0.610034 0.455907 0.648079 -0.610032 0.455910 -0.648079 -0.610032 0.455910 -0.648079 -0.610032 0.455910 -0.648079 -0.610032 0.455910 -0.648079 -0.598640 -0.801018 -0.000000 -0.598640 -0.801018 -0.000000 -0.598640 -0.801018 -0.000000 -0.598640 -0.801018 -0.000000 
						-0.598640 -0.801018 -0.000000 -0.598640 -0.801018 -0.000000 -0.598640 -0.801018 -0.000000 -0.598640 -0.801018 -0.000000 0.610038 -0.455900 0.648081 0.610038 -0.455900 0.648081 0.610038 -0.455900 0.648081 0.610038 -0.455900 0.648081 0.610037 -0.455899 -0.648083 0.610037 -0.455899 -0.648083 0.610037 -0.455899 -0.648083 0.610037 -0.455899 -0.648083 0.158312 -0.118315 0.980275 0.158312 -0.118315 0.980275 0.158312 -0.118315 0.980275 0.158312 -0.118315 0.980275 0.158314 -0.118315 -0.980275 0.158314 -0.118315 -0.980275 0.158314 -0.118315 -0.980275 0.158314 -0.118315 -0.980275 -0.158313 0.118317 -0.980275 -0.158313 0.118317 -0.980275 -0.158313 0.118317 -0.980275 -0.158313 0.118317 -0.980275 -0.437926 -0.300619 0.847260 -0.437926 -0.300619 0.847260 -0.437926 -0.300619 0.847260 -0.437926 -0.300619 0.847260 -0.828351 -0.008831 0.560140 -0.828351 -0.008831 0.560140 -0.828351 -0.008831 0.560140 -0.828351 -0.008831 0.560140 -0.828353 -0.008837 -0.560136 -0.828353 -0.008837 -0.560136 -0.828353 -0.008837 -0.560136 -0.828353 -0.008837 -0.560136 -0.437927 -0.300622 -0.847258 -0.437927 -0.300622 -0.847258 -0.437927 -0.300622 -0.847258 -0.437927 -0.300622 -0.847258 -0.164263 -0.505147 -0.847257 -0.164263 -0.505147 -0.847257 -0.164263 -0.505147 -0.847257 -0.164263 -0.505147 -0.847257 0.226158 -0.796926 -0.560144 0.226158 -0.796926 -0.560144 0.226158 -0.796926 -0.560144 0.226158 -0.796926 -0.560144 0.226157 -0.796927 0.560143 0.226157 -0.796927 0.560143 0.226157 -0.796927 0.560143 0.226157 -0.796927 0.560143 -0.164262 -0.505146 0.847257 -0.164262 -0.505146 0.847257 -0.164262 -0.505146 0.847257 -0.164262 -0.505146 0.847257 0.598640 0.801018 -0.000005 0.598640 0.801018 -0.000005 0.598640 0.801018 -0.000005 0.598640 0.801018 -0.000005 0.598640 0.801018 -0.000005 0.598640 0.801018 -0.000005 0.598640 0.801018 -0.000005 0.598640 0.801018 -0.000005 
						0.164263 0.505146 0.847258 0.164263 0.505146 0.847258 0.164263 0.505146 0.847258 0.164263 0.505146 0.847258 -0.226161 0.796928 0.560140 -0.226161 0.796928 0.560140 -0.226161 0.796928 0.560140 -0.226161 0.796928 0.560140 -0.226154 0.796924 -0.560149 -0.226154 0.796924 -0.560149 -0.226154 0.796924 -0.560149 -0.226154 0.796924 -0.560149 0.164265 0.505151 -0.847254 0.164265 0.505151 -0.847254 0.164265 0.505151 -0.847254 0.164265 0.505151 -0.847254 0.437929 0.300625 -0.847256 0.437929 0.300625 -0.847256 0.437929 0.300625 -0.847256 0.437929 0.300625 -0.847256 0.828354 0.008842 -0.560136 0.828354 0.008842 -0.560136 0.828354 0.008842 -0.560136 0.828354 0.008842 -0.560136 0.828354 0.008842 0.560136 0.828354 0.008842 0.560136 0.828354 0.008842 0.560136 0.828354 0.008842 0.560136 0.437929 0.300626 0.847256 0.437929 0.300626 0.847256 0.437929 0.300626 0.847256 0.437929 0.300626 0.847256 -0.158314 0.118316 0.980274 -0.158314 0.118316 0.980274 -0.158314 0.118316 0.980274 -0.158314 0.118316 0.980274 -0.610040 0.455910 0.648072 -0.610040 0.455910 0.648072 -0.610040 0.455910 0.648072 -0.610040 0.455910 0.648072 -0.610034 0.455914 -0.648075 -0.610034 0.455914 -0.648075 -0.610034 0.455914 -0.648075 -0.610034 0.455914 -0.648075 -0.598641 -0.801017 -0.000003 -0.598641 -0.801017 -0.000003 -0.598641 -0.801017 -0.000003 -0.598641 -0.801017 -0.000003 -0.598641 -0.801017 -0.000003 -0.598641 -0.801017 -0.000003 -0.598641 -0.801017 -0.000003 -0.598641 -0.801017 -0.000003 0.610031 -0.455914 0.648077 0.610031 -0.455914 0.648077 0.610031 -0.455914 0.648077 0.610031 -0.455914 0.648077 0.610031 -0.455914 -0.648077 0.610031 -0.455914 -0.648077 0.610031 -0.455914 -0.648077 0.610031 -0.455914 -0.648077 0.158313 -0.118316 0.980275 0.158313 -0.118316 0.980275 0.158313 -0.118316 0.980275 0.158313 -0.118316 0.980275 
						0.158314 -0.118316 -0.980274 0.158314 -0.118316 -0.980274 0.158314 -0.118316 -0.980274 0.158314 -0.118316 -0.980274 -0.158314 0.118316 -0.980274 -0.158314 0.118316 -0.980274 -0.158314 0.118316 -0.980274 -0.158314 0.118316 -0.980274 -0.437928 -0.300622 0.847258 -0.437928 -0.300622 0.847258 -0.437928 -0.300622 0.847258 -0.437928 -0.300622 0.847258 -0.828349 -0.008835 0.560143 -0.828349 -0.008835 0.560143 -0.828349 -0.008835 0.560143 -0.828349 -0.008835 0.560143 -0.828351 -0.008839 -0.560140 -0.828351 -0.008839 -0.560140 -0.828351 -0.008839 -0.560140 -0.828351 -0.008839 -0.560140 -0.437930 -0.300624 -0.847256 -0.437930 -0.300624 -0.847256 -0.437930 -0.300624 -0.847256 -0.437930 -0.300624 -0.847256 -0.164264 -0.505147 -0.847257 -0.164264 -0.505147 -0.847257 -0.164264 -0.505147 -0.847257 -0.164264 -0.505147 -0.847257 0.226165 -0.796925 -0.560144 0.226165 -0.796925 -0.560144 0.226165 -0.796925 -0.560144 0.226165 -0.796925 -0.560144 0.226163 -0.796925 0.560144 0.226163 -0.796925 0.560144 0.226163 -0.796925 0.560144 0.226163 -0.796925 0.560144 -0.164262 -0.505147 0.847257 -0.164262 -0.505147 0.847257 -0.164262 -0.505147 0.847257 -0.164262 -0.505147 0.847257 0.598639 0.801019 0.000002 0.598639 0.801019 0.000002 0.598639 0.801019 0.000002 0.598639 0.801019 0.000002 0.598639 0.801019 0.000002 0.598639 0.801019 0.000002 0.598639 0.801019 0.000002 0.598639 0.801019 0.000002 0.164265 0.505148 0.847256 0.164265 0.505148 0.847256 0.164265 0.505148 0.847256 0.164265 0.505148 0.847256 -0.226157 0.796934 0.560133 -0.226157 0.796934 0.560133 -0.226157 0.796934 0.560133 -0.226157 0.796934 0.560133 -0.226159 0.796933 -0.560134 -0.226159 0.796933 -0.560134 -0.226159 0.796933 -0.560134 -0.226159 0.796933 -0.560134 0.164263 0.505143 -0.847259 0.164263 0.505143 -0.847259 0.164263 0.505143 -0.847259 0.164263 0.505143 -0.847259 
						0.437926 0.300621 -0.847259 0.437926 0.300621 -0.847259 0.437926 0.300621 -0.847259 0.437926 0.300621 -0.847259 0.828353 0.008849 -0.560136 0.828353 0.008849 -0.560136 0.828353 0.008849 -0.560136 0.828353 0.008849 -0.560136 0.828353 0.008847 0.560137 0.828353 0.008847 0.560137 0.828353 0.008847 0.560137 0.828353 0.008847 0.560137 0.437927 0.300622 0.847258 0.437927 0.300622 0.847258 0.437927 0.300622 0.847258 0.437927 0.300622 0.847258 -0.158312 0.118314 0.980275 -0.158312 0.118314 0.980275 -0.158312 0.118314 0.980275 -0.158312 0.118314 0.980275 
					</float_array>
					<technique_common>
						<accessor count="1876" offset="0" source="#meshId0-normals-array" stride="3">
							<param name="X" type="float" />
							<param name="Y" type="float" />
							<param name="Z" type="float" />
						</accessor>
					</technique_common>
				</source>
				<source id="meshId0-tangents" name="meshId0-tangents">
					<float_array id="meshId0-tangents-array" count="5628"> 
						0.000000 0.000000 -1.000000 0.000000 0.000000 -1.000000 0.000000 0.000000 -1.000000 0.000000 0.000000 -1.000000 0.000000 -0.000000 1.000000 -0.000000 0.000000 1.000000 0.000000 -0.000000 1.000000 0.000000 -0.000000 1.000000 0.000000 0.000000 1.000000 0.000000 0.000000 1.000000 0.000000 0.000000 1.000000 0.000000 0.000000 1.000000 0.000000 -0.000000 1.000000 0.000000 -0.000000 1.000000 0.000000 -0.000000 1.000000 0.000000 -0.000000 1.000000 0.000000 0.000000 -1.000000 -0.000000 -0.000000 -1.000000 0.000000 0.000000 -1.000000 0.000000 0.000000 -1.000000 -0.923880 -0.382684 0.000000 -0.923880 -0.382684 0.000000 -0.923880 -0.382683 0.000000 -0.923880 -0.382683 0.000000 -0.923880 -0.382683 0.000000 -0.923880 -0.382683 0.000000 -0.923880 -0.382684 0.000000 -0.923879 -0.382684 0.000000 0.000000 -0.000000 1.000000 0.000000 -0.000000 1.000000 0.000000 -0.000000 1.000000 0.000000 -0.000000 1.000000 0.923880 0.382684 -0.000000 0.923880 0.382684 -0.000000 0.923880 0.382683 -0.000000 0.923880 0.382683 -0.000000 0.923880 0.382683 -0.000000 0.923880 0.382683 -0.000000 0.923880 0.382683 -0.000000 0.923880 0.382683 -0.000000 0.000000 -0.000000 -1.000000 0.000000 -0.000000 -1.000000 0.000000 -0.000000 -1.000000 0.000000 -0.000000 -1.000000 0.000000 0.000000 1.000000 0.000000 0.000000 1.000000 0.000000 0.000000 1.000000 0.000000 0.000000 1.000000 -0.000000 0.000000 1.000000 0.000000 -0.000000 1.000000 0.000000 -0.000000 1.000000 -0.000000 0.000000 1.000000 0.018996 -0.008815 0.999781 0.018995 -0.008815 0.999781 0.018995 -0.008815 0.999781 0.018996 -0.008815 0.999781 -0.000000 0.000000 -1.000000 0.000000 -0.000000 -1.000000 0.000000 -0.000000 -1.000000 -0.000000 0.000000 -1.000000 -0.382684 0.923880 0.000000 -0.382684 0.923880 -0.000000 -0.382684 0.923880 0.000000 -0.382684 0.923880 0.000001 
						-0.923880 -0.382684 -0.000000 -0.923880 -0.382683 -0.000000 -0.923880 -0.382683 -0.000000 -0.923880 -0.382683 -0.000000 -0.923880 -0.382683 -0.000000 -0.923880 -0.382683 -0.000000 -0.923879 -0.382684 -0.000000 -0.923879 -0.382684 -0.000000 -0.923880 -0.382684 -0.000000 -0.923880 -0.382684 0.000000 -0.923880 -0.382683 -0.000000 -0.923880 -0.382683 -0.000000 -0.923880 -0.382683 0.000000 -0.923880 -0.382683 0.000000 -0.923880 -0.382683 0.000000 -0.923879 -0.382684 -0.000000 -0.000000 -0.000000 -1.000000 -0.000000 -0.000000 -1.000000 -0.000000 -0.000000 -1.000000 -0.000000 -0.000000 -1.000000 0.923880 0.382684 0.000000 0.923879 0.382684 0.000000 0.923880 0.382683 0.000000 0.923880 0.382683 0.000000 0.923880 0.382683 0.000000 0.923880 0.382684 0.000000 0.923880 0.382683 0.000000 0.923880 0.382684 0.000000 0.923880 0.382684 -0.000000 0.923880 0.382683 0.000000 0.923880 0.382683 0.000000 0.923880 0.382684 0.000000 0.923880 0.382683 -0.000000 0.923880 0.382683 0.000000 0.923880 0.382684 0.000000 0.923879 0.382684 -0.000000 -0.923880 -0.382684 0.000000 -0.923880 -0.382684 -0.000000 -0.923880 -0.382684 0.000000 -0.923880 -0.382684 0.000001 0.000000 -0.000000 -1.000000 0.000000 -0.000000 -1.000000 0.000000 -0.000000 -1.000000 -0.000000 0.000000 -1.000000 0.000000 0.000000 1.000000 0.000000 0.000000 1.000000 0.000000 0.000000 1.000000 0.000000 0.000000 1.000000 0.000000 0.000000 1.000000 -0.000000 -0.000000 1.000000 -0.000000 -0.000000 1.000000 0.000000 0.000000 1.000000 -0.000000 -0.000000 1.000000 -0.000000 -0.000000 1.000000 -0.000000 -0.000000 1.000000 0.000000 0.000000 1.000000 -0.000000 -0.000000 1.000000 0.000000 0.000000 1.000000 0.000000 0.000000 1.000000 -0.000000 -0.000000 1.000000 -0.000000 -0.000000 1.000000 0.000000 0.000000 1.000000 -0.000000 -0.000000 1.000000 -0.000000 -0.000000 1.000000 
						0.000000 -0.000000 1.000000 -0.000000 0.000000 1.000000 -0.000000 0.000000 1.000000 0.000000 -0.000000 1.000000 0.000000 -0.000000 1.000000 0.000000 -0.000000 1.000000 0.000000 -0.000000 1.000000 0.000000 -0.000000 1.000000 -0.000000 0.000000 -1.000000 -0.000000 0.000000 -1.000000 -0.000000 0.000000 -1.000000 -0.000000 0.000000 -1.000000 0.000000 -0.000000 1.000000 0.000000 -0.000000 1.000000 0.000000 -0.000000 1.000000 0.000000 -0.000000 1.000000 0.923880 0.382683 0.000000 0.923880 0.382683 -0.000000 0.923880 0.382683 0.000000 0.923880 0.382683 -0.000000 0.923880 0.382684 -0.000000 0.923880 0.382684 0.000000 0.923880 0.382684 0.000000 0.923880 0.382683 0.000000 -0.000000 0.000000 1.000000 0.000000 -0.000000 1.000000 0.000000 -0.000000 1.000000 -0.000000 0.000000 1.000000 0.000000 0.000000 1.000000 -0.000000 -0.000000 1.000000 0.000000 0.000000 1.000000 0.000000 0.000000 1.000000 -0.923880 0.382683 0.000000 -0.923880 0.382683 0.000000 -0.923880 0.382683 0.000000 -0.923880 0.382683 0.000000 -0.923880 0.382683 0.000000 -0.923880 0.382684 0.000000 -0.923880 0.382683 0.000000 -0.923880 0.382683 0.000000 0.000000 0.000000 -1.000000 -0.000000 -0.000000 -1.000000 -0.000000 -0.000000 -1.000000 0.000000 0.000000 -1.000000 -0.432192 -0.901615 -0.017316 -0.432191 -0.901616 -0.017316 -0.432191 -0.901616 -0.017316 -0.432192 -0.901615 -0.017316 0.923880 0.382684 0.000000 0.923880 0.382684 0.000000 0.923880 0.382684 0.000000 0.923880 0.382684 0.000000 -0.887186 0.458964 0.047478 -0.887186 0.458963 0.047478 -0.887186 0.458963 0.047478 -0.887185 0.458964 0.047478 0.382684 -0.923880 -0.000000 0.382684 -0.923880 0.000000 0.382684 -0.923880 -0.000000 0.382684 -0.923880 -0.000001 0.004609 -0.001687 -0.999988 0.004610 -0.001688 -0.999988 0.004610 -0.001688 -0.999988 0.004609 -0.001687 -0.999988 
						-0.000000 0.000000 -1.000000 -0.000000 0.000000 -1.000000 -0.000000 0.000000 -1.000000 -0.000000 0.000000 -1.000000 -0.000000 -0.000000 -1.000000 -0.000000 -0.000000 -1.000000 0.000000 0.000000 -1.000000 0.000000 0.000000 -1.000000 -0.000000 0.000000 -1.000000 -0.000000 0.000000 -1.000000 -0.000000 0.000000 -1.000000 -0.000000 0.000000 -1.000000 -0.000000 -0.000000 -1.000000 -0.000000 -0.000000 -1.000000 -0.000000 -0.000000 -1.000000 0.000000 0.000000 -1.000000 0.458964 0.887186 0.047478 0.458963 0.887186 0.047478 0.458963 0.887186 0.047478 0.458964 0.887186 0.047478 0.432189 0.901617 -0.017315 0.432189 0.901617 -0.017315 0.432189 0.901617 -0.017315 0.432189 0.901617 -0.017315 0.001687 0.004609 -0.999988 0.001688 0.004610 -0.999988 0.001688 0.004610 -0.999988 0.001687 0.004609 -0.999988 -0.458963 -0.887186 0.047477 -0.458962 -0.887186 0.047477 -0.458962 -0.887186 0.047477 -0.458963 -0.887186 0.047477 0.008815 0.018995 0.999781 0.008815 0.018995 0.999781 0.008815 0.018995 0.999781 0.008815 0.018995 0.999781 -0.001687 -0.004609 -0.999988 -0.001687 -0.004610 -0.999988 -0.001687 -0.004610 -0.999988 -0.001687 -0.004609 -0.999988 -0.901617 0.432189 -0.017315 -0.901618 0.432187 -0.017314 -0.901618 0.432188 -0.017314 -0.901616 0.432190 -0.017315 -0.004610 0.001688 -0.999988 -0.004610 0.001688 -0.999988 -0.004610 0.001688 -0.999988 -0.004610 0.001688 -0.999988 -0.008815 -0.018995 0.999781 -0.008815 -0.018995 0.999781 -0.008815 -0.018995 0.999781 -0.008815 -0.018995 0.999781 0.887186 -0.458962 0.047477 0.887187 -0.458962 0.047477 0.887187 -0.458962 0.047477 0.887186 -0.458962 0.047477 0.901616 -0.432190 -0.017316 0.901617 -0.432189 -0.017316 0.901617 -0.432189 -0.017316 0.901616 -0.432190 -0.017316 -0.018993 0.008814 0.999781 -0.018994 0.008815 0.999781 -0.018994 0.008815 0.999781 -0.018993 0.008814 0.999781 
						-0.000000 -0.000000 1.000000 -0.000000 -0.000000 1.000000 -0.000000 -0.000000 1.000000 -0.000000 -0.000000 1.000000 -0.000000 0.000000 1.000000 0.000000 -0.000000 1.000000 -0.000000 0.000000 1.000000 -0.000000 0.000000 1.000000 -0.000000 0.000000 1.000000 -0.000000 0.000000 1.000000 -0.000000 0.000000 1.000000 -0.000000 0.000000 1.000000 -0.923880 -0.382683 0.000000 -0.923880 -0.382683 0.000000 -0.923880 -0.382684 0.000000 -0.923880 -0.382683 0.000000 -0.923880 -0.382683 0.000000 -0.923880 -0.382683 0.000000 -0.923880 -0.382683 0.000000 -0.923879 -0.382684 0.000000 0.923880 0.382684 -0.000001 0.923880 0.382683 -0.000001 0.923880 0.382683 -0.000001 0.923880 0.382684 -0.000001 0.923880 0.382683 -0.000001 0.923880 0.382683 -0.000001 0.923879 0.382684 -0.000001 0.923879 0.382684 -0.000001 -0.000000 -0.000000 1.000000 -0.000000 -0.000000 1.000000 -0.000000 -0.000000 1.000000 0.000000 0.000000 1.000000 0.000000 0.000000 1.000000 -0.000000 -0.000000 1.000000 0.000000 0.000000 1.000000 0.000000 0.000000 1.000000 0.000000 0.000000 1.000000 0.000000 0.000000 1.000000 0.000000 0.000000 1.000000 0.000000 0.000000 1.000000 0.000000 -0.000000 1.000000 0.000000 -0.000000 1.000000 0.000000 -0.000000 1.000000 0.000000 -0.000000 1.000000 0.000000 -0.000000 1.000000 0.000000 -0.000000 1.000000 0.000000 -0.000000 1.000000 -0.000000 0.000000 1.000000 -0.000000 0.809055 0.587732 -0.000000 0.809055 0.587732 -0.000000 0.809055 0.587732 -0.000000 0.809055 0.587733 0.893333 -0.000000 0.449396 0.893333 -0.000000 0.449396 0.893333 -0.000000 0.449396 0.893333 -0.000000 0.449396 0.000000 -0.809055 0.587732 0.000000 -0.809055 0.587732 0.000000 -0.809055 0.587733 0.000000 -0.809055 0.587732 -1.000000 -0.000000 -0.000000 -1.000000 -0.000000 -0.000000 -1.000000 -0.000000 -0.000000 -1.000000 -0.000000 -0.000000 
						0.967897 -0.251348 -0.000000 0.967897 -0.251348 -0.000000 0.967897 -0.251348 -0.000000 0.967897 -0.251349 0.000000 -0.967897 -0.251348 -0.000000 -0.967897 -0.251348 -0.000000 -0.967897 -0.251348 -0.000000 -0.967897 -0.251348 -0.000000 -0.000002 1.000000 -0.000000 -0.000002 1.000000 -0.000000 -0.000002 1.000000 -0.000000 -0.000002 1.000000 -0.000000 0.000001 0.000000 1.000000 0.000003 0.000000 1.000000 0.000001 0.000000 1.000000 -0.000001 0.000000 1.000000 -0.000001 0.000000 1.000000 0.000003 0.000000 1.000000 0.000005 0.000000 1.000000 0.000001 0.000000 1.000000 0.000001 0.000000 1.000000 0.000000 0.000000 1.000000 -0.000002 1.000000 -0.000002 -0.000002 1.000000 -0.000002 -0.000001 1.000000 -0.000001 -0.000001 1.000000 -0.000001 -0.000000 1.000000 -0.000003 -0.000001 1.000000 -0.000003 -0.000001 1.000000 -0.000003 -0.000000 1.000000 -0.000003 -0.000000 1.000000 0.000000 -0.000000 1.000000 0.000000 0.000001 1.000000 -0.000003 0.000001 1.000000 -0.000003 -0.000001 0.000000 -1.000000 -0.000000 0.000000 -1.000000 -0.000000 0.000000 -1.000000 0.000001 0.000000 -1.000000 0.000002 0.000000 -1.000000 -0.000005 0.000000 -1.000000 0.000003 0.000000 -1.000000 -0.000001 0.000000 -1.000000 -0.000001 0.000000 -1.000000 -0.000001 0.000000 -1.000000 -0.000001 1.000000 0.000000 -0.000000 1.000000 -0.000000 -0.000001 1.000000 0.000000 -0.000001 1.000000 0.000000 -0.000002 1.000000 -0.000000 -0.000001 1.000000 -0.000000 -0.000001 1.000000 -0.000000 -0.000002 1.000000 -0.000000 -0.000001 1.000000 0.000004 -0.000001 1.000000 0.000004 -0.000001 1.000000 0.000004 -0.000001 1.000000 0.000004 -0.000001 1.000000 0.000000 -0.000001 1.000000 0.000000 -0.000001 1.000000 0.000000 -0.000001 1.000000 0.000000 -0.000001 1.000000 -0.000002 -0.000001 1.000000 -0.000002 0.000001 1.000000 0.000005 0.000001 1.000000 0.000005 
						0.000000 1.000000 0.000006 0.000000 1.000000 0.000007 0.000000 1.000000 0.000007 0.000000 1.000000 0.000006 -0.967897 -0.251348 -0.000000 -0.967897 -0.251348 -0.000000 -0.967897 -0.251348 0.000000 -0.967897 -0.251348 -0.000000 -0.967897 -0.251348 0.000000 -0.967897 -0.251348 -0.000000 0.967897 -0.251348 -0.000000 0.967897 -0.251348 -0.000000 0.967897 -0.251348 0.000000 0.967897 -0.251348 0.000000 0.967897 -0.251348 -0.000000 0.967897 -0.251348 0.000000 0.000000 -0.809056 0.587732 0.000000 -0.809056 0.587732 -0.000000 -0.809056 0.587732 0.000000 -0.809056 0.587732 0.213209 0.977006 0.000001 0.213209 0.977006 0.000001 0.213209 0.977006 0.000001 -0.967897 -0.251348 0.000000 -0.967897 -0.251348 0.000000 0.213209 0.977006 0.000001 -0.000000 0.809056 0.587731 0.000000 0.809056 0.587731 0.000000 0.809056 0.587731 -0.000000 0.809056 0.587731 0.000000 0.809055 0.587732 -0.000000 0.809055 0.587732 0.967897 -0.251348 -0.000000 0.967897 -0.251348 0.000000 0.967897 -0.251348 -0.000000 0.967897 -0.251348 -0.000000 0.967897 -0.251348 0.000000 0.967897 -0.251348 -0.000000 0.967897 -0.251349 0.000000 0.967897 -0.251348 -0.000000 0.967897 -0.251347 -0.000000 0.967896 -0.251349 0.000000 0.967897 -0.251348 -0.000000 0.967897 -0.251347 0.000000 -0.967897 -0.251349 -0.000000 -0.967897 -0.251348 -0.000000 -0.967897 -0.251348 0.000000 -0.967897 -0.251348 -0.000000 -0.967897 -0.251348 -0.000000 -0.967897 -0.251348 0.000000 -0.967897 -0.251348 0.000000 -0.967897 -0.251347 -0.000000 -0.967897 -0.251348 -0.000000 -0.967897 -0.251348 -0.000000 -0.967897 -0.251349 -0.000000 -0.967897 -0.251348 0.000000 -0.967897 -0.251347 -0.000000 0.967897 -0.251348 -0.000000 0.967897 -0.251348 -0.000000 0.967897 -0.251348 -0.000000 -0.893332 0.000000 0.449396 -0.893333 0.000000 0.449396 -0.893332 0.000000 0.449396 -0.893332 -0.000000 0.449396 
						0.213209 0.977006 0.000001 0.213209 0.977006 0.000001 0.213209 0.977006 0.000001 0.213209 0.977006 0.000001 0.213209 0.977006 0.000001 0.213209 0.977006 0.000001 0.213209 0.977006 0.000001 0.213209 0.977006 0.000001 0.893333 -0.000000 0.449396 0.893333 -0.000000 0.449396 0.893333 -0.000000 0.449396 0.893333 0.000000 0.449396 0.213209 0.977006 0.000001 0.213209 0.977006 0.000001 0.213209 0.977006 0.000001 0.213209 0.977006 0.000001 0.213209 0.977006 0.000001 0.213209 0.977006 0.000001 0.213209 0.977006 0.000001 0.213209 0.977006 0.000001 0.213209 0.977006 0.000001 0.213209 0.977006 0.000001 0.213209 0.977006 0.000001 0.213209 0.977006 0.000001 0.213209 0.977006 0.000001 0.213209 0.977006 0.000001 0.213209 0.977006 0.000001 0.213209 0.977006 0.000001 0.213209 0.977006 0.000001 0.213209 0.977006 0.000001 0.213209 0.977006 0.000001 0.213209 0.977006 0.000001 0.213209 0.977006 0.000001 0.213209 0.977006 0.000001 0.213209 0.977006 0.000001 0.213209 0.977006 0.000001 0.213209 0.977006 0.000001 0.213209 0.977006 0.000001 0.213209 0.977006 0.000001 0.213209 0.977006 0.000001 0.213209 0.977006 0.000001 0.213209 0.977006 0.000001 0.213209 0.977006 0.000001 0.213209 0.977006 0.000001 0.213209 0.977006 0.000001 0.213209 0.977006 0.000001 0.213209 0.977006 0.000001 0.213209 0.977006 0.000001 0.213209 0.977006 0.000001 0.213209 0.977006 0.000001 0.213209 0.977006 0.000001 0.213209 0.977006 0.000001 0.213209 0.977006 0.000001 0.213209 0.977006 0.000001 0.213209 0.977006 0.000001 0.213209 0.977006 0.000001 0.213209 0.977006 0.000001 0.213209 0.977006 0.000001 0.213209 0.977006 0.000001 0.213209 0.977006 0.000001 0.213209 0.977006 0.000001 0.213209 0.977006 0.000001 0.213209 0.977006 0.000001 0.213209 0.977006 0.000001 
						0.213209 0.977006 0.000001 0.213209 0.977006 0.000001 0.213209 0.977006 0.000001 0.213209 0.977006 0.000001 0.213209 0.977006 0.000001 0.213209 0.977006 0.000001 0.213209 0.977006 0.000001 0.213209 0.977006 0.000001 0.213209 0.977006 0.000001 0.213209 0.977006 0.000001 0.213209 0.977006 0.000001 0.213209 0.977006 0.000001 0.213209 0.977006 0.000001 0.213209 0.977006 0.000001 0.213209 0.977006 0.000001 0.213209 0.977006 0.000001 0.213209 0.977006 0.000001 0.213209 0.977006 0.000001 0.213209 0.977006 0.000001 0.213209 0.977006 0.000001 0.213209 0.977006 0.000001 0.213209 0.977006 0.000001 0.213209 0.977006 0.000001 0.213209 0.977006 0.000001 0.213209 0.977006 0.000001 0.213209 0.977006 0.000001 0.213209 0.977006 0.000001 0.213209 0.977006 0.000001 0.213209 0.977006 0.000001 0.213209 0.977006 0.000001 0.213209 0.977006 0.000001 0.213209 0.977006 0.000001 0.213209 0.977006 0.000001 0.213209 0.977006 0.000001 0.213209 0.977006 0.000001 0.213209 0.977006 0.000001 0.213209 0.977006 0.000001 0.213209 0.977006 0.000001 0.213209 0.977006 0.000001 0.213209 0.977006 0.000001 0.213209 0.977006 0.000001 0.213209 0.977006 0.000001 0.213209 0.977006 0.000001 0.213209 0.977006 0.000001 0.213209 0.977006 0.000001 0.213209 0.977006 0.000001 0.213209 0.977006 0.000001 0.213209 0.977006 0.000001 0.213209 0.977006 0.000001 0.213209 0.977006 0.000001 0.213209 0.977006 0.000001 0.213209 0.977006 0.000001 0.213209 0.977006 0.000001 0.213209 0.977006 0.000001 0.213209 0.977006 0.000001 0.213209 0.977006 0.000001 0.213209 0.977006 0.000001 0.213209 0.977006 0.000001 0.213209 0.977006 0.000001 0.213209 0.977006 0.000001 0.213209 0.977006 0.000001 0.213209 0.977006 0.000001 0.213209 0.977006 0.000001 0.213209 0.977006 0.000001 
						0.213209 0.977006 0.000001 0.213209 0.977006 0.000001 0.213209 0.977006 0.000001 0.213209 0.977006 0.000001 0.213209 0.977006 0.000001 0.213209 0.977006 0.000001 0.213209 0.977006 0.000001 0.213209 0.977006 0.000001 0.213209 0.977006 0.000001 0.213209 0.977006 0.000001 0.213209 0.977006 0.000001 0.213209 0.977006 0.000001 0.213209 0.977006 0.000001 0.213209 0.977006 0.000001 0.213209 0.977006 0.000001 0.213209 0.977006 0.000001 0.213209 0.977006 0.000001 0.213209 0.977006 0.000001 0.213209 0.977006 0.000001 0.213209 0.977006 0.000001 0.213209 0.977006 0.000001 0.213209 0.977006 0.000001 0.213209 0.977006 0.000001 0.213209 0.977006 0.000001 0.213209 0.977006 0.000001 0.213209 0.977006 0.000001 0.213209 0.977006 0.000001 0.213209 0.977006 0.000001 0.213209 0.977006 0.000001 0.213209 0.977006 0.000001 0.213209 0.977006 0.000001 0.213209 0.977006 0.000001 0.213209 0.977006 0.000001 0.213209 0.977006 0.000001 0.213209 0.977006 0.000001 0.213209 0.977006 0.000001 0.213209 0.977006 0.000001 0.213209 0.977006 0.000001 0.213209 0.977006 0.000001 0.213209 0.977006 0.000001 0.213209 0.977006 0.000001 0.213209 0.977006 0.000001 0.213209 0.977006 0.000001 0.213209 0.977006 0.000001 0.213209 0.977006 0.000001 0.213209 0.977006 0.000001 0.213209 0.977006 0.000001 0.213209 0.977006 0.000001 0.213209 0.977006 0.000001 0.213209 0.977006 0.000001 0.213209 0.977006 0.000001 0.213209 0.977006 0.000001 0.213209 0.977006 0.000001 0.213209 0.977006 0.000001 0.213209 0.977006 0.000001 0.213209 0.977006 0.000001 0.213209 0.977006 0.000001 0.213209 0.977006 0.000001 0.213209 0.977006 0.000001 0.213209 0.977006 0.000001 0.213209 0.977006 0.000001 0.213209 0.977006 0.000001 0.971304 -0.237834 0.001714 0.971304 -0.237834 0.001714 
						0.971304 -0.237834 0.001714 0.971304 -0.237834 0.001714 0.971304 -0.237834 0.001714 0.971304 -0.237834 0.001714 0.213209 0.977006 0.000001 0.213209 0.977006 0.000001 0.213209 0.977006 0.000001 0.213209 0.977006 0.000001 0.213209 0.977006 0.000001 0.213209 0.977006 0.000001 0.213209 0.977006 0.000001 0.213209 0.977006 0.000001 0.213209 0.977006 0.000001 0.213209 0.977006 0.000001 0.213209 0.977006 0.000001 0.213209 0.977006 0.000001 0.213209 0.977006 0.000001 0.213209 0.977006 0.000001 0.213209 0.977006 0.000001 0.213209 0.977006 0.000001 0.213209 0.977006 0.000001 0.213209 0.977006 0.000001 0.213209 0.977006 0.000001 0.213209 0.977006 0.000001 0.213209 0.977006 0.000001 0.213209 0.977006 0.000001 0.213209 0.977006 0.000001 0.213209 0.977006 0.000001 0.213209 0.977006 0.000001 0.213209 0.977006 0.000001 0.213209 0.977006 0.000001 0.213209 0.977006 0.000001 0.213209 0.977006 0.000001 0.213209 0.977006 0.000001 0.213209 0.977006 0.000001 0.213209 0.977006 0.000001 0.213209 0.977006 0.000001 0.213209 0.977006 0.000001 0.213209 0.977006 0.000001 0.213209 0.977006 0.000001 0.213209 0.977006 0.000001 0.213209 0.977006 0.000001 0.213209 0.977006 0.000001 0.213209 0.977006 0.000001 0.213209 0.977006 0.000001 0.213209 0.977006 0.000001 0.213209 0.977006 0.000001 0.213209 0.977006 0.000001 0.213209 0.977006 0.000001 0.213209 0.977006 0.000001 0.213209 0.977006 0.000001 0.213209 0.977006 0.000001 0.213209 0.977006 0.000001 0.213209 0.977006 0.000001 0.213209 0.977006 0.000001 0.213209 0.977006 0.000001 0.213209 0.977006 0.000001 0.213209 0.977006 0.000001 0.213209 0.977006 0.000001 0.213209 0.977006 0.000001 0.213209 0.977006 0.000001 0.213209 0.977006 0.000001 0.213209 0.977006 0.000001 0.213209 0.977006 0.000001 
						0.213209 0.977006 0.000001 0.213209 0.977006 0.000001 0.213209 0.977006 0.000001 0.213209 0.977006 0.000001 0.213209 0.977006 0.000001 0.213209 0.977006 0.000001 0.213209 0.977006 0.000001 0.213209 0.977006 0.000001 0.213209 0.977006 0.000001 0.213209 0.977006 0.000001 0.213209 0.977006 0.000001 0.213209 0.977006 0.000001 0.213209 0.977006 0.000001 0.213209 0.977006 0.000001 0.213209 0.977006 0.000001 0.213209 0.977006 0.000001 0.213209 0.977006 0.000001 0.213209 0.977006 0.000001 0.213209 0.977006 0.000001 0.213209 0.977006 0.000001 0.213209 0.977006 0.000001 0.213209 0.977006 0.000001 0.213209 0.977006 0.000001 0.213209 0.977006 0.000001 -1.000000 -0.000000 -0.000000 -1.000000 0.000000 0.000000 -1.000000 0.000000 0.000000 -1.000000 -0.000001 -0.000000 -1.000000 -0.000000 -0.000000 -1.000000 0.000000 0.000000 0.213209 0.977006 0.000001 0.213209 0.977006 0.000001 0.213209 0.977006 0.000001 0.213209 0.977006 0.000001 0.213209 0.977006 0.000001 0.213209 0.977006 0.000001 0.213209 0.977006 0.000001 0.213209 0.977006 0.000001 0.213209 0.977006 0.000001 0.213209 0.977006 0.000001 0.999061 0.043318 -0.000001 0.999061 0.043318 -0.000001 0.999061 0.043318 -0.000001 -0.999334 0.036488 -0.000001 -0.999334 0.036488 -0.000001 -0.999334 0.036488 -0.000001 0.998579 0.053289 -0.000001 0.998579 0.053289 -0.000001 0.998579 0.053289 -0.000001 -0.999061 0.043318 -0.000001 -0.999061 0.043318 -0.000001 -0.999061 0.043318 -0.000001 -0.000000 0.060531 0.998166 0.000001 -0.048332 0.998831 -0.000000 0.099151 0.995072 -0.000001 0.215110 0.976590 0.999288 0.037726 -0.000001 0.977297 0.211873 -0.000004 0.989236 0.146331 -0.000003 0.999583 -0.028894 0.000001 -0.999061 0.043318 -0.000001 -0.999061 0.043318 -0.000001 -0.999061 0.043318 -0.000001 0.999334 0.036489 -0.000001 
						0.999334 0.036488 -0.000001 0.999334 0.036488 -0.000001 -0.000001 0.430546 0.902569 -0.000001 0.390617 0.920554 -0.000001 0.420213 0.907426 -0.000001 0.461634 0.887070 -0.079390 -0.000310 -0.996844 -0.079328 -0.001259 -0.996848 -0.079365 -0.000699 -0.996845 -0.079427 0.000244 -0.996841 0.004900 -0.004469 0.999978 0.004899 -0.004469 0.999978 0.004899 -0.004469 0.999978 0.004899 -0.004469 0.999978 0.004899 -0.004469 0.999978 0.004899 -0.004469 0.999978 0.004899 -0.004469 0.999978 0.004899 -0.004469 0.999978 0.004900 -0.004469 0.999978 0.004901 -0.004469 0.999978 0.004902 -0.004469 0.999978 -0.393915 -0.002427 -0.919144 -0.393945 -0.003045 -0.919129 -0.393448 0.006766 -0.919322 -0.393410 0.007493 -0.919333 -0.789780 0.015216 -0.613202 -0.790213 0.000446 -0.612833 -0.790195 0.001200 -0.612855 -0.789760 0.015775 -0.613213 -0.608817 -0.003331 0.793304 -0.608828 -0.002813 0.793297 -0.608581 -0.012613 0.793391 -0.608572 -0.012951 0.793393 0.005394 0.004469 0.999976 0.005394 0.004469 0.999975 0.005394 0.004469 0.999975 0.005394 0.004469 0.999975 0.005394 0.004469 0.999975 0.005394 0.004469 0.999976 0.005394 0.004469 0.999975 0.005394 0.004469 0.999975 0.005394 0.004469 0.999976 0.005394 0.004469 0.999975 0.005393 0.004469 0.999975 0.001932 -0.000453 0.999998 0.001930 -0.000261 0.999998 0.001934 -0.000712 0.999998 0.001935 -0.000907 0.999998 -0.013006 0.002491 -0.999912 -0.012766 -0.000262 -0.999919 -0.012906 0.001340 -0.999916 -0.013145 0.004083 -0.999905 0.733965 0.000071 -0.679187 0.733966 0.000175 -0.679186 0.733937 -0.002100 -0.679215 0.733935 -0.002213 -0.679216 0.019039 0.006336 -0.999799 0.019203 0.003550 -0.999809 0.019164 0.004205 -0.999808 0.019000 0.006994 -0.999795 0.716074 -0.000702 0.698024 0.716074 -0.000779 0.698024 0.716073 0.000083 0.698025 0.716073 0.000163 0.698026 
						0.999995 -0.003061 -0.000000 1.000000 0.000005 0.000000 1.000000 -0.000187 -0.000000 0.999995 -0.003286 -0.000000 1.000000 0.000193 0.000000 0.999995 0.003287 0.000000 0.999995 0.003066 0.000000 1.000000 0.000005 -0.000000 0.716069 -0.001610 0.698028 0.716069 -0.001688 0.698028 0.716071 -0.000835 0.698027 0.716071 -0.000760 0.698027 0.020329 -0.002337 -0.999791 0.020170 -0.005005 -0.999784 0.020209 -0.004357 -0.999786 0.020366 -0.001708 -0.999791 0.733937 0.002099 -0.679215 0.733935 0.002215 -0.679216 0.733964 -0.000051 -0.679188 0.733966 -0.000158 -0.679186 -0.012949 -0.001838 -0.999914 -0.013192 -0.004621 -0.999902 -0.013051 -0.003000 -0.999910 -0.012809 -0.000227 -0.999918 0.001930 0.000212 0.999998 0.001931 0.000400 0.999998 0.001928 -0.000042 0.999998 0.001927 -0.000232 0.999998 -0.608620 0.011222 0.793383 -0.608610 0.011568 0.793385 -0.608844 0.002109 0.793287 -0.608855 0.001584 0.793280 -0.790154 -0.002895 -0.612902 -0.789700 -0.017481 -0.613245 -0.789721 -0.016883 -0.613233 -0.790174 -0.002088 -0.612879 -0.393400 -0.007651 -0.919335 -0.393363 -0.008350 -0.919345 -0.393867 0.001464 -0.919166 -0.393895 0.002046 -0.919153 -0.079398 0.000185 -0.996843 -0.079461 -0.000769 -0.996838 -0.079424 -0.000210 -0.996841 -0.079362 0.000747 -0.996846 0.017805 -0.002718 -0.999838 0.017802 -0.007396 -0.999814 0.017803 -0.006261 -0.999822 0.017805 -0.001555 -0.999840 0.017811 0.003223 -0.999836 0.017813 -0.001597 -0.999840 0.017812 -0.000421 -0.999841 0.017810 0.004358 -0.999832 -0.333368 -0.942796 -0.001045 -0.333369 -0.942796 -0.001045 -0.333368 -0.942796 -0.001045 -0.333367 -0.942796 -0.001045 -0.333368 -0.942796 -0.001042 -0.333368 -0.942796 -0.001042 0.213209 0.977006 0.000001 0.213209 0.977006 0.000001 0.213209 0.977006 0.000001 0.213209 0.977006 0.000001 0.213209 0.977006 0.000001 0.213209 0.977006 0.000001 
						-0.004134 0.000000 -0.999991 -0.004133 0.000000 -0.999991 -0.004136 0.000000 -0.999991 -0.004150 0.000000 -0.999991 -0.004124 0.000000 -0.999991 -0.004133 0.000000 -0.999991 -0.004135 0.000000 -0.999991 -0.004135 -0.000000 0.999991 -0.004134 -0.000000 0.999991 -0.004134 -0.000000 0.999991 -0.004135 -0.000000 0.999991 -0.004119 -0.000000 0.999992 -0.004116 -0.000000 0.999992 -0.004150 -0.000000 0.999991 0.000020 1.000000 0.000000 0.000020 1.000000 0.000000 0.000022 1.000000 0.000000 0.000022 1.000000 0.000000 -0.004132 -0.000000 -0.999991 -0.004132 -0.000000 -0.999991 -0.004135 -0.000000 -0.999991 -0.004153 -0.000000 -0.999991 -0.004120 -0.000000 -0.999992 -0.004131 -0.000000 -0.999991 -0.004132 -0.000000 -0.999991 -0.000022 1.000000 -0.000003 -0.000024 1.000000 -0.000003 -0.000023 1.000000 -0.000003 -0.000021 1.000000 -0.000003 -0.000019 1.000000 -0.000010 -0.000021 1.000000 -0.000010 -0.000020 1.000000 -0.000010 -0.000018 1.000000 -0.000009 -0.000017 1.000000 -0.000031 -0.000017 1.000000 -0.000031 -0.000017 1.000000 -0.000031 -0.000016 1.000000 -0.000031 -0.000024 1.000000 0.000000 -0.000024 1.000000 0.000000 -0.000024 1.000000 0.000000 -0.000024 1.000000 0.000000 -0.000023 1.000000 0.000012 -0.000024 1.000000 0.000013 -0.000023 1.000000 0.000012 -0.000021 1.000000 0.000011 -0.000018 1.000000 0.000057 -0.000017 1.000000 0.000054 -0.000019 1.000000 0.000059 -0.000020 1.000000 0.000062 0.004135 -0.000000 -0.999991 0.004134 -0.000000 -0.999991 0.004135 -0.000000 -0.999991 0.004136 -0.000000 -0.999991 0.004121 -0.000000 -0.999991 0.004118 -0.000000 -0.999992 0.004148 -0.000000 -0.999991 0.000020 1.000000 0.000000 0.000020 1.000000 0.000000 0.000021 1.000000 0.000000 0.000021 1.000000 0.000000 -0.000024 1.000000 -0.000003 -0.000022 1.000000 -0.000003 -0.000023 1.000000 -0.000003 -0.000025 1.000000 -0.000003 
						-0.000021 1.000000 -0.000011 -0.000025 1.000000 -0.000012 -0.000022 1.000000 -0.000011 -0.000019 1.000000 -0.000009 -0.000019 1.000000 -0.000035 -0.000017 1.000000 -0.000032 -0.000020 1.000000 -0.000038 -0.000022 1.000000 -0.000042 -0.000024 1.000000 0.000000 -0.000024 1.000000 0.000000 -0.000022 1.000000 0.000000 -0.000022 1.000000 0.000000 -0.000024 1.000000 0.000013 -0.000024 1.000000 0.000013 -0.000024 1.000000 0.000013 -0.000024 1.000000 0.000013 -0.000020 1.000000 0.000062 -0.000020 1.000000 0.000062 -0.000020 1.000000 0.000062 -0.000020 1.000000 0.000062 -0.000000 1.000000 -0.000000 0.000000 1.000000 0.000001 -0.000001 1.000000 -0.000003 -0.000001 1.000000 -0.000004 -0.000001 1.000000 0.000005 -0.000001 1.000000 0.000005 -0.000001 1.000000 0.000005 -0.000001 1.000000 0.000006 -0.047713 0.000000 -0.998861 -0.047707 0.000000 -0.998861 -0.047717 0.000000 -0.998861 -0.047716 0.000000 -0.998861 -0.047714 0.000000 -0.998861 -0.047714 0.000000 -0.998861 -0.047714 0.000000 -0.998861 -0.047715 0.000000 -0.998861 -0.000001 1.000000 0.000005 -0.000001 1.000000 0.000006 -0.000000 1.000000 0.000002 -0.000000 1.000000 0.000001 -0.000000 1.000000 -0.000000 0.000000 1.000000 0.000001 -0.000001 1.000000 -0.000003 -0.000001 1.000000 -0.000004 -0.000000 1.000000 0.000000 -0.000000 1.000000 0.000000 -0.000000 1.000000 0.000000 -0.000000 1.000000 0.000000 0.000000 1.000000 0.000000 0.000000 1.000000 0.000000 0.000000 1.000000 0.000000 0.000000 1.000000 0.000000 -0.000005 1.000000 0.000004 -0.000006 1.000000 0.000005 -0.000001 1.000000 0.000001 -0.000000 1.000000 0.000000 0.354556 0.240233 0.903647 0.354559 0.240232 0.903646 0.354553 0.240235 0.903648 0.354550 0.240236 0.903648 0.148003 0.066664 0.986738 0.148002 0.066665 0.986738 0.148004 0.066662 0.986737 0.148006 0.066660 0.986737 
						0.148006 0.066662 -0.986737 0.148006 0.066662 -0.986737 0.148006 0.066661 -0.986737 0.148006 0.066661 -0.986737 0.354554 0.240234 -0.903648 0.354554 0.240234 -0.903648 0.354554 0.240234 -0.903648 0.354554 0.240234 -0.903648 0.542729 0.463797 -0.700241 0.542728 0.463797 -0.700242 0.542729 0.463797 -0.700241 0.542730 0.463797 -0.700241 0.607150 0.794587 -0.000001 0.607150 0.794587 -0.000000 0.607150 0.794587 -0.000001 0.607150 0.794587 -0.000002 0.607151 0.794586 -0.000001 0.607150 0.794587 0.000004 0.607152 0.794586 -0.000007 0.607153 0.794585 -0.000016 0.542736 0.463798 0.700235 0.542734 0.463798 0.700236 0.542738 0.463798 0.700233 0.542741 0.463798 0.700231 0.058371 0.000000 -0.998295 0.087853 0.000000 -0.996133 0.073161 0.000000 -0.997320 0.053457 0.000000 -0.998570 0.044649 0.000000 -0.999003 0.049344 0.000000 -0.998782 0.055147 0.000000 -0.998478 0.048619 0.000000 -0.998817 0.079819 0.392758 -0.916171 0.129121 0.405089 -0.905114 0.037806 0.381459 -0.923612 -0.002047 0.370074 -0.929000 0.010394 0.267807 -0.963417 0.013851 0.272009 -0.962195 0.008306 0.265266 -0.964140 0.006514 0.263082 -0.964752 0.095658 -0.135032 -0.986213 0.104169 -0.124046 -0.986793 0.088726 -0.143942 -0.985601 0.083499 -0.150639 -0.985056 0.152434 -0.321250 -0.934646 0.187171 -0.308630 -0.932585 0.114980 -0.334285 -0.935432 0.084133 -0.344580 -0.934979 0.045208 -0.383500 -0.922434 0.104870 -0.399148 -0.910870 -0.005657 -0.369009 -0.929409 -0.053793 -0.354323 -0.933575 -0.036431 -0.210108 -0.976999 -0.034522 -0.212488 -0.976554 -0.037587 -0.208666 -0.977264 -0.038581 -0.207424 -0.977490 0.125061 0.096866 -0.987409 0.123751 0.098579 -0.987405 0.126122 0.095478 -0.987409 0.126917 0.094436 -0.987408 0.192545 0.306629 -0.932151 0.236369 0.289859 -0.927422 0.145467 0.323718 -0.934904 0.106920 0.337011 -0.935410 
						0.000000 1.000000 0.000000 0.000000 1.000000 0.000000 0.000000 1.000000 0.000000 0.000000 1.000000 0.000000 -0.000000 1.000000 -0.000000 -0.000000 1.000000 0.000000 -0.000000 1.000000 -0.000000 -0.000000 1.000000 -0.000000 -0.000000 1.000000 0.000002 -0.000000 1.000000 0.000002 -0.000000 1.000000 0.000002 -0.000000 1.000000 0.000002 0.053284 -0.000000 0.998579 0.030254 0.000000 0.999542 0.022824 0.000000 0.999740 0.059613 0.000000 0.998222 0.075327 0.000000 0.997159 0.062636 0.000000 0.998036 0.056741 0.000000 0.998389 0.059441 0.000000 0.998232 -0.000001 1.000000 0.000002 -0.000000 1.000000 0.000001 -0.000001 1.000000 0.000005 -0.000001 1.000000 0.000006 -0.000001 1.000000 -0.000004 -0.000001 1.000000 -0.000005 -0.000000 1.000000 -0.000001 -0.000000 1.000000 0.000000 -0.000007 1.000000 0.000006 -0.000007 1.000000 0.000006 -0.000007 1.000000 0.000006 -0.000007 1.000000 0.000006 -0.000006 1.000000 -0.000005 -0.000006 1.000000 -0.000005 -0.000006 1.000000 -0.000005 -0.000006 1.000000 -0.000005 -0.000002 1.000000 0.000002 -0.000001 1.000000 0.000001 -0.000006 1.000000 0.000005 -0.000007 1.000000 0.000006 0.114112 0.334583 0.935432 0.085471 0.344145 0.935018 0.155358 0.320211 0.934521 0.187614 0.308469 0.932549 0.089550 0.142884 0.985680 0.084890 0.148858 0.985208 0.097249 0.132982 0.986336 0.104837 0.123182 0.986831 0.006636 -0.263232 0.964710 0.004711 -0.260883 0.965359 0.009418 -0.266621 0.963755 0.013139 -0.271145 0.962449 0.034107 -0.380431 0.924180 -0.003460 -0.369660 0.929161 0.080894 -0.393039 0.915956 0.127422 -0.404683 0.905536 0.142252 -0.324854 0.935005 0.106209 -0.337254 0.935403 0.194461 -0.305918 0.931987 0.235435 -0.290229 0.927544 0.126139 -0.095456 0.987409 0.126806 -0.094582 0.987408 0.125031 -0.096906 0.987409 0.123932 -0.098343 0.987405 
						-0.038559 0.207454 0.977485 -0.039843 0.205850 0.977772 -0.036708 0.209766 0.977062 -0.034239 0.212844 0.976486 -0.008595 0.368144 0.929729 -0.054264 0.354179 0.933602 0.048441 0.384390 0.921899 0.105149 0.399222 0.910805 0.047715 0.000000 -0.998861 0.047719 0.000000 -0.998861 0.047716 0.000000 -0.998861 0.047715 0.000000 -0.998861 0.047714 0.000000 -0.998861 0.047713 0.000000 -0.998861 0.047713 0.000000 -0.998861 0.047714 0.000000 -0.998861 0.354555 -0.240234 0.903647 0.354555 -0.240234 0.903647 0.354555 -0.240234 0.903647 0.354556 -0.240234 0.903647 0.148005 -0.066662 0.986737 0.148004 -0.066663 0.986737 0.148006 -0.066661 0.986737 0.148006 -0.066661 0.986737 0.148006 -0.066662 -0.986737 0.148007 -0.066662 -0.986737 0.148006 -0.066662 -0.986737 0.148006 -0.066663 -0.986737 0.354557 -0.240233 -0.903647 0.354556 -0.240233 -0.903647 0.354557 -0.240232 -0.903647 0.354558 -0.240232 -0.903647 0.542735 -0.463796 -0.700237 0.542736 -0.463796 -0.700236 0.542734 -0.463796 -0.700238 0.542733 -0.463796 -0.700238 0.607154 -0.794585 -0.000002 0.607154 -0.794584 0.000001 0.607153 -0.794585 -0.000004 0.607153 -0.794585 -0.000006 0.607154 -0.794584 0.000002 0.607155 -0.794584 -0.000005 0.607153 -0.794585 0.000007 0.607152 -0.794585 0.000011 0.542730 -0.463796 0.700241 0.542730 -0.463796 0.700241 0.542731 -0.463796 0.700240 0.542732 -0.463796 0.700240 -0.000005 1.000000 -0.000004 -0.000006 1.000000 -0.000005 -0.000002 1.000000 -0.000002 -0.000001 1.000000 -0.000001 0.581562 -0.813502 -0.000013 0.581562 -0.813502 -0.000015 0.581562 -0.813502 -0.000009 0.581563 -0.813502 -0.000008 0.581562 -0.813502 0.000010 0.581562 -0.813502 0.000006 0.581560 -0.813503 0.000020 0.581559 -0.813504 0.000023 0.038816 0.027750 -0.998861 0.038820 0.027753 -0.998861 0.038812 0.027747 -0.998861 0.038814 0.027749 -0.998861 
						0.038815 0.027750 -0.998861 0.038815 0.027750 -0.998861 0.038816 0.027750 -0.998861 0.038816 0.027750 -0.998861 0.581570 -0.813497 -0.000001 0.581569 -0.813497 0.000001 0.581570 -0.813496 -0.000005 0.581571 -0.813496 -0.000007 0.581569 -0.813497 -0.000008 0.581569 -0.813497 -0.000010 0.581570 -0.813497 -0.000004 0.581570 -0.813497 -0.000002 0.581573 -0.813494 -0.000003 0.581576 -0.813492 -0.000006 0.581566 -0.813499 0.000004 0.581564 -0.813501 0.000007 0.581569 -0.813497 0.000005 0.581569 -0.813497 0.000004 0.581570 -0.813496 0.000005 0.581570 -0.813496 0.000006 0.581570 -0.813497 -0.000002 0.581571 -0.813496 -0.000003 0.581567 -0.813499 0.000001 0.581566 -0.813499 0.000002 0.013453 0.370662 0.928670 0.013452 0.370662 0.928670 0.013455 0.370662 0.928670 0.013456 0.370663 0.928670 0.003325 0.164276 0.986409 0.003325 0.164276 0.986409 0.003326 0.164276 0.986409 0.003326 0.164276 0.986409 -0.089372 -0.137878 0.986409 -0.089372 -0.137878 0.986409 -0.089372 -0.137878 0.986409 -0.089373 -0.137878 0.986409 0.324388 0.430453 -0.842308 0.324387 0.430453 -0.842308 0.324388 0.430453 -0.842308 0.324388 0.430453 -0.842308 0.448513 0.833570 -0.322486 0.448513 0.833570 -0.322486 0.448513 0.833570 -0.322487 0.448513 0.833570 -0.322487 0.136418 0.685781 0.714909 0.136418 0.685782 0.714908 0.136418 0.685780 0.714910 0.136418 0.685779 0.714911 -0.092526 0.693069 0.714909 -0.092527 0.693067 0.714911 -0.092526 0.693071 0.714906 -0.092525 0.693075 0.714903 -0.012983 0.530915 0.847325 -0.012982 0.530917 0.847325 -0.012984 0.530914 0.847326 -0.012985 0.530913 0.847327 -0.038815 -0.027749 0.998861 -0.038817 -0.027750 0.998861 -0.038816 -0.027749 0.998861 -0.038815 -0.027749 0.998861 -0.038814 -0.027748 0.998861 -0.038814 -0.027748 0.998861 -0.038815 -0.027749 0.998861 -0.038815 -0.027749 0.998861 
						0.355399 -0.106708 0.928604 0.355399 -0.106707 0.928604 0.355398 -0.106708 0.928604 0.355398 -0.106709 0.928604 0.156526 -0.049620 0.986427 0.156526 -0.049620 0.986427 0.156526 -0.049620 0.986427 0.156526 -0.049621 0.986427 -0.159367 -0.039567 0.986426 -0.159367 -0.039567 0.986426 -0.159367 -0.039567 0.986426 -0.159367 -0.039567 0.986426 0.511842 0.166798 -0.842731 0.511842 0.166797 -0.842732 0.511843 0.166800 -0.842730 0.511844 0.166801 -0.842730 0.933185 0.153489 -0.324973 0.933187 0.153493 -0.324965 0.933183 0.153486 -0.324979 0.933181 0.153483 -0.324986 0.694638 -0.093582 0.713246 0.694640 -0.093583 0.713244 0.694637 -0.093582 0.713247 0.694636 -0.093581 0.713248 0.627609 -0.312059 0.713250 0.627604 -0.312059 0.713255 0.627613 -0.312060 0.713247 0.627615 -0.312060 0.713244 0.499001 -0.183654 0.846917 0.499000 -0.183655 0.846918 0.499003 -0.183654 0.846916 0.499004 -0.183653 0.846916 0.581563 -0.813501 -0.000005 0.581563 -0.813501 -0.000005 0.581563 -0.813501 -0.000005 0.581563 -0.813501 -0.000005 -0.581574 0.813493 -0.000039 -0.581576 0.813492 -0.000047 -0.581570 0.813496 -0.000016 -0.581569 0.813497 -0.000007 -0.581569 0.813497 0.000014 -0.581569 0.813497 0.000009 -0.581571 0.813495 0.000027 -0.581572 0.813495 0.000031 0.038815 0.027749 0.998861 0.038813 0.027747 0.998861 0.038815 0.027749 0.998861 0.038816 0.027750 0.998861 0.038816 0.027750 0.998861 0.038816 0.027750 0.998861 0.038816 0.027749 0.998861 0.038816 0.027749 0.998861 -0.581566 0.813499 -0.000001 -0.581565 0.813500 -0.000008 -0.581569 0.813497 0.000018 -0.581570 0.813496 0.000025 -0.581569 0.813497 -0.000022 -0.581569 0.813497 -0.000024 -0.581568 0.813498 -0.000017 -0.581568 0.813498 -0.000015 -0.581571 0.813496 0.000004 -0.581570 0.813496 0.000004 -0.581572 0.813495 0.000006 -0.581573 0.813495 0.000006 
						-0.581564 0.813500 0.000004 -0.581563 0.813502 0.000006 -0.581569 0.813497 -0.000000 -0.581570 0.813496 -0.000002 -0.581566 0.813499 -0.000003 -0.581567 0.813498 -0.000002 -0.581564 0.813501 -0.000006 -0.581563 0.813501 -0.000006 0.013457 0.370663 0.928670 0.013456 0.370663 0.928670 0.013458 0.370663 0.928670 0.013460 0.370664 0.928670 0.003325 0.164273 0.986409 0.003326 0.164273 0.986409 0.003323 0.164274 0.986409 0.003321 0.164275 0.986409 -0.089373 -0.137875 0.986409 -0.089373 -0.137875 0.986409 -0.089372 -0.137875 0.986409 -0.089372 -0.137875 0.986409 0.324378 0.430453 -0.842312 0.324378 0.430453 -0.842312 0.324378 0.430453 -0.842312 0.324378 0.430453 -0.842312 0.448507 0.833569 -0.322497 0.448507 0.833569 -0.322497 0.448507 0.833569 -0.322498 0.448507 0.833569 -0.322498 0.136414 0.685786 0.714905 0.136414 0.685786 0.714904 0.136414 0.685785 0.714905 0.136414 0.685785 0.714906 -0.092529 0.693075 0.714902 -0.092529 0.693072 0.714905 -0.092528 0.693079 0.714898 -0.092527 0.693085 0.714893 -0.012981 0.530918 0.847324 -0.012980 0.530918 0.847324 -0.012981 0.530918 0.847324 -0.012981 0.530918 0.847324 0.058230 0.041629 -0.997435 0.069342 0.049572 -0.996360 0.058972 0.042158 -0.997369 0.044072 0.031507 -0.998531 0.038430 0.027473 -0.998884 0.047572 0.034009 -0.998289 0.065881 0.047098 -0.996715 0.078254 0.055943 -0.995363 -0.165760 0.363200 -0.916848 -0.129303 0.406069 -0.904649 -0.196210 0.325948 -0.924802 -0.224539 0.290055 -0.930296 -0.149123 0.195727 -0.969254 -0.148618 0.203706 -0.967686 -0.149423 0.190911 -0.970168 -0.149678 0.186777 -0.970933 0.159606 0.049557 -0.985936 0.158940 0.023169 -0.987016 0.160068 0.071081 -0.984543 0.160368 0.087319 -0.983187 0.285195 -0.208903 -0.935427 0.297141 -0.192180 -0.935293 0.272211 -0.226793 -0.935129 0.261407 -0.241458 -0.934540 
						0.249386 -0.289498 -0.924120 0.301879 -0.269800 -0.914373 0.203940 -0.305571 -0.930073 0.160274 -0.320187 -0.933698 0.092236 -0.192020 -0.977047 0.095039 -0.192809 -0.976623 0.090538 -0.191542 -0.977300 0.089077 -0.191130 -0.977515 0.045988 0.151353 -0.987409 0.043291 0.152179 -0.987404 0.048171 0.150683 -0.987408 0.049810 0.150179 -0.987403 -0.020420 0.361764 -0.932046 0.025283 0.373659 -0.927221 -0.068964 0.348222 -0.934872 -0.108290 0.336561 -0.935414 -0.581575 0.813493 -0.000008 -0.581572 0.813495 -0.000005 -0.581582 0.813488 -0.000015 -0.581585 0.813486 -0.000018 -0.976522 -0.215418 0.000000 -0.976522 -0.215418 0.000001 -0.976522 -0.215418 -0.000002 -0.976522 -0.215418 -0.000003 -0.976522 -0.215417 0.000002 -0.976522 -0.215417 0.000001 -0.976522 -0.215416 0.000002 -0.976522 -0.215416 0.000003 -0.010278 0.046594 -0.998861 -0.010279 0.046597 -0.998861 -0.010278 0.046590 -0.998861 -0.010278 0.046592 -0.998861 -0.010279 0.046594 -0.998861 -0.010279 0.046594 -0.998861 -0.010278 0.046593 -0.998861 -0.010278 0.046592 -0.998861 -0.976522 -0.215419 0.000017 -0.976522 -0.215418 0.000022 -0.976521 -0.215421 0.000003 -0.976521 -0.215422 -0.000002 -0.976521 -0.215423 0.000007 -0.976521 -0.215422 0.000002 -0.976520 -0.215426 0.000020 -0.976520 -0.215427 0.000025 -0.976521 -0.215421 -0.000005 -0.976521 -0.215423 -0.000007 -0.976523 -0.215416 -0.000001 -0.976523 -0.215414 0.000001 -0.976523 -0.215415 0.000000 -0.976523 -0.215415 -0.000000 -0.976522 -0.215416 0.000001 -0.976522 -0.215416 0.000001 -0.976523 -0.215413 -0.000002 -0.976523 -0.215413 -0.000002 -0.976523 -0.215414 -0.000003 -0.976523 -0.215414 -0.000003 0.364900 0.385864 0.847324 0.364900 0.385864 0.847324 0.364900 0.385864 0.847324 0.364900 0.385864 0.847324 0.532521 0.453149 0.714896 0.532521 0.453150 0.714896 0.532521 0.453149 0.714896 0.532521 0.453149 0.714897 
						0.357501 0.600928 0.714898 0.357501 0.600928 0.714898 0.357501 0.600927 0.714898 0.357501 0.600927 0.714898 0.224451 0.919575 -0.322495 0.224451 0.919575 -0.322497 0.224450 0.919576 -0.322493 0.224449 0.919577 -0.322490 0.046964 0.536944 -0.842310 0.046963 0.536944 -0.842310 0.046964 0.536943 -0.842310 0.046965 0.536942 -0.842311 -0.025841 -0.162262 0.986409 -0.025842 -0.162261 0.986409 -0.025840 -0.162262 0.986409 -0.025838 -0.162263 0.986409 0.107449 0.124305 0.986409 0.107449 0.124305 0.986409 0.107449 0.124305 0.986409 0.107449 0.124305 0.986409 0.238021 0.284459 0.928671 0.238021 0.284458 0.928671 0.238021 0.284459 0.928671 0.238020 0.284459 0.928671 0.010278 -0.046593 -0.998861 0.010277 -0.046588 -0.998861 0.010278 -0.046594 -0.998861 0.010278 -0.046594 -0.998861 0.010278 -0.046594 -0.998861 0.010279 -0.046595 -0.998861 0.010278 -0.046595 -0.998861 0.010278 -0.046594 -0.998861 -0.493721 0.197408 0.846918 -0.493721 0.197406 0.846918 -0.493722 0.197409 0.846917 -0.493722 0.197411 0.846916 -0.675223 0.188041 0.713243 -0.675218 0.188038 0.713248 -0.675225 0.188043 0.713239 -0.675228 0.188044 0.713237 -0.578846 0.395251 0.713241 -0.578848 0.395252 0.713240 -0.578845 0.395251 0.713243 -0.578844 0.395251 0.713244 -0.590799 0.738471 -0.324989 -0.590799 0.738471 -0.324988 -0.590799 0.738471 -0.324989 -0.590799 0.738470 -0.324989 -0.268766 0.466436 -0.842735 -0.268766 0.466436 -0.842735 -0.268766 0.466436 -0.842735 -0.268766 0.466436 -0.842735 0.091960 -0.136040 0.986426 0.091958 -0.136041 0.986426 0.091960 -0.136039 0.986426 0.091961 -0.136038 0.986426 -0.149526 0.067860 0.986426 -0.149526 0.067860 0.986426 -0.149526 0.067860 0.986426 -0.149526 0.067860 0.986426 -0.335514 0.158503 0.928605 -0.335514 0.158504 0.928605 -0.335514 0.158502 0.928605 -0.335515 0.158501 0.928605 
						-0.976522 -0.215415 -0.000004 -0.976523 -0.215414 -0.000005 -0.976522 -0.215419 -0.000001 -0.976521 -0.215420 0.000000 0.976522 0.215418 0.000018 0.976522 0.215417 0.000023 0.976521 0.215421 0.000003 0.976521 0.215422 -0.000002 0.976522 0.215419 0.000003 0.976522 0.215419 0.000005 0.976522 0.215419 0.000000 0.976522 0.215418 -0.000001 -0.010279 0.046594 0.998861 -0.010280 0.046600 0.998861 -0.010278 0.046593 0.998861 -0.010279 0.046593 0.998861 -0.010279 0.046594 0.998861 -0.010279 0.046593 0.998861 -0.010279 0.046594 0.998861 -0.010279 0.046594 0.998861 0.976522 0.215416 0.000017 0.976522 0.215417 0.000021 0.976523 0.215413 0.000006 0.976523 0.215413 0.000001 0.976524 0.215408 0.000023 0.976524 0.215408 0.000022 0.976524 0.215407 0.000025 0.976524 0.215407 0.000026 0.976523 0.215414 -0.000004 0.976523 0.215415 -0.000003 0.976523 0.215412 -0.000006 0.976524 0.215411 -0.000007 0.976521 0.215422 -0.000004 0.976521 0.215423 -0.000004 0.976521 0.215420 -0.000002 0.976522 0.215419 -0.000001 0.976522 0.215419 -0.000001 0.976522 0.215418 -0.000002 0.976521 0.215422 0.000002 0.976521 0.215424 0.000003 0.364899 0.385870 0.847321 0.364899 0.385869 0.847322 0.364898 0.385871 0.847321 0.364898 0.385872 0.847320 0.532520 0.453151 0.714896 0.532523 0.453157 0.714890 0.532514 0.453142 0.714907 0.532508 0.453132 0.714917 0.357496 0.600920 0.714907 0.357494 0.600919 0.714909 0.357498 0.600922 0.714904 0.357501 0.600924 0.714901 0.224450 0.919579 -0.322485 0.224447 0.919582 -0.322477 0.224453 0.919575 -0.322495 0.224456 0.919571 -0.322504 0.046964 0.536940 -0.842312 0.046964 0.536940 -0.842312 0.046964 0.536940 -0.842312 0.046964 0.536941 -0.842312 -0.025838 -0.162265 0.986409 -0.025839 -0.162264 0.986409 -0.025837 -0.162265 0.986409 -0.025835 -0.162266 0.986409 
						0.107447 0.124307 0.986409 0.107448 0.124307 0.986409 0.107447 0.124307 0.986409 0.107447 0.124307 0.986409 0.238018 0.284462 0.928670 0.238019 0.284461 0.928671 0.238018 0.284462 0.928670 0.238017 0.284463 0.928670 -0.010279 0.046594 -0.998861 -0.010279 0.046595 -0.998861 -0.010279 0.046595 -0.998861 -0.010279 0.046595 -0.998861 -0.010278 0.046594 -0.998861 -0.010278 0.046594 -0.998861 -0.010279 0.046594 -0.998861 -0.010278 0.046593 -0.998861 -0.493724 0.197413 0.846915 -0.493723 0.197411 0.846916 -0.493724 0.197414 0.846915 -0.493724 0.197415 0.846914 -0.675225 0.188044 0.713240 -0.675227 0.188045 0.713238 -0.675224 0.188043 0.713241 -0.675223 0.188042 0.713242 -0.578838 0.395250 0.713249 -0.578839 0.395250 0.713248 -0.578837 0.395250 0.713250 -0.578836 0.395250 0.713250 -0.590798 0.738476 -0.324977 -0.590799 0.738476 -0.324977 -0.590798 0.738477 -0.324976 -0.590798 0.738477 -0.324975 -0.268765 0.466444 -0.842731 -0.268765 0.466444 -0.842731 -0.268765 0.466444 -0.842731 -0.268765 0.466444 -0.842731 0.091958 -0.136040 0.986426 0.091958 -0.136040 0.986426 0.091958 -0.136040 0.986426 0.091958 -0.136040 0.986426 -0.149528 0.067858 0.986426 -0.149528 0.067858 0.986426 -0.149528 0.067858 0.986426 -0.149528 0.067858 0.986426 -0.335518 0.158503 0.928604 -0.335518 0.158503 0.928604 -0.335518 0.158503 0.928604 -0.335518 0.158503 0.928604 0.976523 0.215412 0.000007 0.976524 0.215411 0.000008 0.976523 0.215414 0.000005 0.976523 0.215415 0.000005 -0.598639 -0.801019 -0.000000 -0.598639 -0.801019 -0.000004 -0.598637 -0.801021 0.000010 -0.598636 -0.801021 0.000014 -0.598642 -0.801016 0.000001 -0.598643 -0.801016 0.000005 -0.598641 -0.801018 -0.000011 -0.598640 -0.801018 -0.000015 -0.038220 0.028564 0.998861 -0.038219 0.028563 0.998861 -0.038221 0.028564 0.998861 -0.038221 0.028564 0.998861 
						-0.038220 0.028564 0.998861 -0.038220 0.028564 0.998861 -0.038220 0.028564 0.998861 -0.038220 0.028563 0.998861 -0.598635 -0.801022 0.000027 -0.598635 -0.801022 0.000027 -0.598635 -0.801022 0.000029 -0.598635 -0.801022 0.000029 -0.598618 -0.801034 0.000078 -0.598617 -0.801035 0.000087 -0.598623 -0.801031 0.000052 -0.598624 -0.801030 0.000043 -0.598643 -0.801016 0.000001 -0.598643 -0.801016 0.000001 -0.598641 -0.801017 -0.000000 -0.598641 -0.801017 -0.000001 -0.598643 -0.801016 -0.000005 -0.598642 -0.801017 -0.000004 -0.598646 -0.801014 -0.000008 -0.598647 -0.801013 -0.000010 -0.598645 -0.801015 -0.000001 -0.598645 -0.801014 -0.000000 -0.598643 -0.801016 -0.000003 -0.598643 -0.801016 -0.000003 0.024210 0.530528 0.847322 0.024210 0.530528 0.847322 0.024210 0.530529 0.847321 0.024209 0.530529 0.847321 0.107169 0.690964 0.714901 0.107168 0.690971 0.714895 0.107170 0.690954 0.714911 0.107172 0.690943 0.714921 -0.121881 0.688506 0.714916 -0.121881 0.688505 0.714916 -0.121881 0.688507 0.714914 -0.121881 0.688509 0.714913 -0.430784 0.842871 -0.322479 -0.430787 0.842872 -0.322475 -0.430782 0.842871 -0.322483 -0.430779 0.842870 -0.322488 -0.315206 0.437217 -0.842310 -0.315208 0.437217 -0.842309 -0.315202 0.437217 -0.842312 -0.315200 0.437216 -0.842313 0.086438 -0.139737 0.986409 0.086438 -0.139737 0.986409 0.086437 -0.139737 0.986409 0.086437 -0.139737 0.986409 0.000153 0.164309 0.986409 0.000153 0.164309 0.986409 0.000153 0.164309 0.986409 0.000153 0.164309 0.986409 -0.005611 0.370862 0.928671 -0.005610 0.370862 0.928671 -0.005611 0.370862 0.928671 -0.005611 0.370863 0.928671 0.038219 -0.028564 -0.998861 0.038220 -0.028565 -0.998861 0.038221 -0.028566 -0.998861 0.038219 -0.028564 -0.998861 0.038219 -0.028564 -0.998861 0.038220 -0.028565 -0.998861 0.038219 -0.028564 -0.998861 0.038218 -0.028564 -0.998861 
						-0.502775 -0.173059 0.846917 -0.502777 -0.173058 0.846916 -0.502773 -0.173060 0.846917 -0.502772 -0.173061 0.846918 -0.634074 -0.298720 0.713243 -0.634070 -0.298719 0.713248 -0.634077 -0.298720 0.713241 -0.634080 -0.298721 0.713238 -0.696472 -0.078871 0.713236 -0.696472 -0.078871 0.713236 -0.696472 -0.078871 0.713236 -0.696472 -0.078871 0.713236 -0.929724 0.173182 -0.324993 -0.929724 0.173182 -0.324993 -0.929724 0.173182 -0.324993 -0.929724 0.173182 -0.324993 -0.508195 0.177583 -0.842735 -0.508195 0.177583 -0.842735 -0.508195 0.177583 -0.842735 -0.508195 0.177583 -0.842735 0.158493 -0.042929 0.986426 0.158493 -0.042929 0.986426 0.158493 -0.042929 0.986426 0.158493 -0.042929 0.986426 -0.157541 -0.046299 0.986427 -0.157541 -0.046299 0.986427 -0.157541 -0.046298 0.986427 -0.157541 -0.046298 0.986427 -0.357577 -0.099165 0.928604 -0.357577 -0.099164 0.928604 -0.357576 -0.099165 0.928604 -0.357576 -0.099165 0.928604 -0.598641 -0.801017 -0.000001 -0.598641 -0.801017 -0.000000 -0.598642 -0.801017 -0.000002 -0.598642 -0.801016 -0.000002 0.598638 0.801020 -0.000001 0.598638 0.801020 -0.000001 0.598638 0.801020 0.000001 0.598638 0.801020 0.000002 0.598644 0.801015 0.000005 0.598644 0.801015 0.000006 0.598645 0.801015 0.000001 0.598645 0.801014 -0.000001 0.038219 -0.028564 0.998861 0.038219 -0.028564 0.998861 0.038218 -0.028563 0.998861 0.038220 -0.028564 0.998861 0.038220 -0.028565 0.998861 0.038219 -0.028564 0.998861 0.038219 -0.028564 0.998861 0.038219 -0.028564 0.998861 0.598646 0.801014 0.000004 0.598647 0.801013 -0.000001 0.598644 0.801015 0.000017 0.598643 0.801016 0.000022 0.598650 0.801010 0.000021 0.598651 0.801010 0.000026 0.598648 0.801012 0.000007 0.598647 0.801013 0.000002 0.598642 0.801017 0.000003 0.598643 0.801016 0.000002 0.598639 0.801019 0.000006 0.598638 0.801020 0.000007 
						0.598638 0.801019 -0.000002 0.598637 0.801020 -0.000003 0.598641 0.801017 0.000001 0.598642 0.801016 0.000002 0.598644 0.801015 -0.000003 0.598645 0.801014 -0.000004 0.598639 0.801019 0.000002 0.598637 0.801020 0.000004 0.024207 0.530526 0.847323 0.024208 0.530525 0.847324 0.024206 0.530527 0.847322 0.024205 0.530528 0.847322 0.107165 0.690973 0.714893 0.107165 0.690974 0.714892 0.107165 0.690971 0.714895 0.107166 0.690969 0.714897 -0.121882 0.688523 0.714899 -0.121882 0.688524 0.714898 -0.121882 0.688522 0.714900 -0.121883 0.688520 0.714902 -0.430782 0.842870 -0.322484 -0.430783 0.842871 -0.322483 -0.430781 0.842870 -0.322486 -0.430781 0.842870 -0.322487 -0.315203 0.437217 -0.842311 -0.315204 0.437217 -0.842311 -0.315203 0.437217 -0.842312 -0.315202 0.437217 -0.842312 0.086437 -0.139736 0.986409 0.086437 -0.139736 0.986409 0.086438 -0.139736 0.986409 0.086439 -0.139736 0.986409 0.000150 0.164309 0.986409 0.000150 0.164309 0.986409 0.000150 0.164310 0.986409 0.000151 0.164310 0.986409 -0.005615 0.370862 0.928671 -0.005615 0.370863 0.928671 -0.005614 0.370862 0.928671 -0.005614 0.370862 0.928671 -0.038221 0.028564 0.998861 -0.038225 0.028567 0.998861 -0.038221 0.028564 0.998861 -0.038220 0.028563 0.998861 -0.038220 0.028563 0.998861 -0.038220 0.028563 0.998861 -0.038220 0.028563 0.998861 -0.038220 0.028563 0.998861 -0.502771 -0.173058 0.846919 -0.502773 -0.173057 0.846918 -0.502769 -0.173059 0.846920 -0.502767 -0.173060 0.846921 -0.634060 -0.298712 0.713259 -0.634052 -0.298710 0.713268 -0.634066 -0.298712 0.713254 -0.634070 -0.298713 0.713250 -0.696452 -0.078869 0.713256 -0.696453 -0.078869 0.713255 -0.696452 -0.078868 0.713256 -0.696451 -0.078868 0.713257 -0.929729 0.173190 -0.324974 -0.929729 0.173190 -0.324975 -0.929730 0.173190 -0.324974 -0.929730 0.173191 -0.324974 
						-0.508200 0.177587 -0.842731 -0.508200 0.177587 -0.842731 -0.508200 0.177587 -0.842731 -0.508200 0.177587 -0.842731 0.158494 -0.042926 0.986426 0.158494 -0.042926 0.986426 0.158494 -0.042926 0.986426 0.158494 -0.042926 0.986426 -0.157541 -0.046300 0.986426 -0.157541 -0.046298 0.986426 -0.157541 -0.046301 0.986426 -0.157541 -0.046301 0.986426 -0.357577 -0.099169 0.928604 -0.357577 -0.099169 0.928604 -0.357577 -0.099169 0.928604 -0.357576 -0.099169 0.928604 0.598637 0.801020 -0.000002 0.598637 0.801020 -0.000002 0.598637 0.801021 -0.000003 0.598636 0.801021 -0.000003 
					</float_array>
					<technique_common>
						<accessor count="1876" offset="0" source="#meshId0-tangents-array" stride="3">
							<param name="X" type="float" />
							<param name="Y" type="float" />
							<param name="Z" type="float" />
						</accessor>
					</technique_common>
				</source>
				<source id="meshId0-bitangents" name="meshId0-bitangents">
					<float_array id="meshId0-bitangents-array" count="5628"> 
						-0.382683 -0.923880 -0.000000 -0.382683 -0.923880 -0.000001 -0.382683 -0.923880 -0.000001 -0.382683 -0.923880 -0.000000 -0.923880 0.382683 0.000000 -0.923880 0.382683 -0.000000 -0.923880 0.382683 0.000000 -0.923880 0.382683 0.000000 -0.382683 -0.923880 0.000000 -0.382683 -0.923880 0.000000 -0.382683 -0.923880 0.000000 -0.382683 -0.923880 0.000000 -0.382684 0.923880 0.000000 -0.382684 0.923880 0.000000 -0.382684 0.923880 0.000000 -0.382684 0.923880 0.000000 -0.923880 -0.382684 -0.000001 -0.923880 -0.382684 0.000000 -0.923880 -0.382684 -0.000000 -0.923880 -0.382684 -0.000001 0.382684 -0.923880 -0.000000 0.382684 -0.923880 -0.000000 0.382683 -0.923880 -0.000000 0.382683 -0.923880 -0.000000 0.382683 -0.923880 -0.000000 0.382683 -0.923880 -0.000000 0.382684 -0.923880 -0.000000 0.382684 -0.923879 -0.000000 -0.923880 0.382683 0.000000 -0.923880 0.382683 0.000000 -0.923880 0.382683 0.000000 -0.923880 0.382683 0.000000 -0.382684 0.923880 0.000000 -0.382684 0.923880 0.000000 -0.382683 0.923880 0.000000 -0.382683 0.923880 0.000000 -0.382683 0.923880 0.000000 -0.382683 0.923880 0.000000 -0.382683 0.923880 0.000000 -0.382683 0.923880 0.000000 -0.923880 0.382683 -0.000000 -0.923880 0.382683 -0.000001 -0.923880 0.382683 -0.000001 -0.923880 0.382683 -0.000000 -0.923880 -0.382684 0.000000 -0.923880 -0.382684 0.000000 -0.923880 -0.382684 0.000000 -0.923880 -0.382684 0.000000 -0.382684 0.923880 -0.000000 -0.382684 0.923880 0.000000 -0.382684 0.923880 0.000000 -0.382684 0.923880 -0.000000 0.903561 -0.419312 -0.088064 0.903561 -0.419312 -0.088062 0.903561 -0.419312 -0.088062 0.903561 -0.419312 -0.088064 -0.382684 0.923880 0.000000 -0.382684 0.923880 -0.000000 -0.382684 0.923880 -0.000000 -0.382684 0.923880 0.000000 -0.000000 0.000000 -1.000000 0.000000 -0.000000 -1.000000 -0.000000 0.000000 -1.000000 -0.000000 0.000000 -1.000000 
						0.382684 -0.923880 0.000000 0.382683 -0.923880 0.000000 0.382683 -0.923880 0.000000 0.382683 -0.923880 0.000000 0.382683 -0.923880 0.000000 0.382683 -0.923880 0.000000 0.382684 -0.923879 0.000000 0.382684 -0.923879 0.000000 0.382684 -0.923880 -0.000000 0.382684 -0.923880 -0.000000 0.382683 -0.923880 -0.000000 0.382683 -0.923880 0.000000 0.382683 -0.923880 -0.000000 0.382683 -0.923880 -0.000000 0.382683 -0.923880 -0.000000 0.382684 -0.923879 -0.000000 0.382683 0.923880 -0.000001 0.382683 0.923880 -0.000000 0.382683 0.923880 -0.000000 0.382683 0.923880 -0.000001 -0.382684 0.923880 0.000000 -0.382684 0.923879 0.000000 -0.382683 0.923880 -0.000000 -0.382683 0.923880 0.000000 -0.382683 0.923880 0.000000 -0.382684 0.923880 0.000000 -0.382683 0.923880 0.000000 -0.382684 0.923880 0.000000 -0.382684 0.923880 0.000000 -0.382683 0.923880 0.000000 -0.382683 0.923880 0.000000 -0.382684 0.923880 0.000000 -0.382683 0.923880 0.000000 -0.382683 0.923880 -0.000000 -0.382684 0.923880 0.000000 -0.382684 0.923879 0.000000 -0.000000 -0.000000 -1.000000 0.000000 0.000000 -1.000000 -0.000000 -0.000000 -1.000000 -0.000000 -0.000000 -1.000000 0.923880 -0.382683 0.000000 0.923880 -0.382683 0.000001 0.923880 -0.382683 0.000001 0.923880 -0.382683 -0.000000 -0.923880 -0.382683 0.000000 -0.923880 -0.382683 0.000000 -0.923880 -0.382683 0.000000 -0.923880 -0.382683 0.000000 0.923880 0.382683 -0.000000 0.923880 0.382683 0.000000 0.923880 0.382683 0.000000 0.923880 0.382683 -0.000000 0.382683 0.923880 0.000000 0.382683 0.923880 0.000000 0.382683 0.923880 0.000000 0.382683 0.923880 -0.000000 0.382683 0.923880 0.000000 0.382683 0.923880 -0.000000 0.382683 0.923880 -0.000000 0.382683 0.923880 0.000000 0.923880 0.382684 0.000000 0.923880 0.382684 -0.000000 0.923880 0.382684 0.000000 0.923880 0.382684 0.000000 
						0.923880 -0.382683 -0.000000 0.923880 -0.382683 0.000000 0.923880 -0.382683 0.000000 0.923880 -0.382683 -0.000000 0.923880 -0.382684 -0.000000 0.923880 -0.382684 -0.000000 0.923880 -0.382684 -0.000000 0.923880 -0.382684 -0.000000 0.382684 -0.923880 -0.000001 0.382684 -0.923880 -0.000000 0.382684 -0.923880 -0.000000 0.382684 -0.923880 -0.000001 0.382684 -0.923880 -0.000000 0.382684 -0.923880 -0.000000 0.382684 -0.923880 -0.000000 0.382684 -0.923880 -0.000000 -0.382683 0.923880 0.000000 -0.382683 0.923880 0.000000 -0.382683 0.923880 0.000000 -0.382683 0.923880 0.000000 -0.382684 0.923880 0.000000 -0.382684 0.923880 0.000000 -0.382684 0.923880 0.000000 -0.382683 0.923880 0.000000 0.382683 -0.923880 0.000000 0.382683 -0.923880 -0.000000 0.382683 -0.923880 -0.000000 0.382683 -0.923880 0.000000 -0.382684 -0.923880 0.000000 -0.382684 -0.923880 -0.000000 -0.382684 -0.923880 0.000000 -0.382684 -0.923880 0.000000 0.382683 0.923880 -0.000000 0.382683 0.923880 0.000000 0.382683 0.923880 0.000000 0.382683 0.923880 0.000000 0.382683 0.923880 0.000000 0.382684 0.923880 0.000000 0.382683 0.923880 -0.000000 0.382683 0.923880 0.000000 0.923880 0.382684 0.000001 0.923880 0.382684 -0.000001 0.923880 0.382684 -0.000000 0.923880 0.382684 0.000001 -0.858649 0.412978 -0.303597 -0.858650 0.412976 -0.303597 -0.858649 0.412977 -0.303597 -0.858649 0.412978 -0.303597 0.000000 0.000000 -1.000000 0.000000 0.000000 -1.000000 0.000000 0.000000 -1.000000 0.000000 0.000000 -1.000000 -0.405872 -0.772592 -0.488231 -0.405871 -0.772592 -0.488231 -0.405871 -0.772592 -0.488231 -0.405872 -0.772592 -0.488231 -0.000000 0.000000 -1.000000 0.000000 -0.000000 -1.000000 -0.000000 0.000000 -1.000000 -0.000000 0.000000 -1.000000 0.938859 -0.343677 0.020713 0.938859 -0.343677 0.020717 0.938859 -0.343677 0.020717 0.938859 -0.343677 0.020713 
						0.923880 -0.382682 -0.000000 0.923880 -0.382682 -0.000000 0.923880 -0.382682 -0.000000 0.923880 -0.382682 -0.000000 -0.382683 -0.923880 0.000000 -0.382683 -0.923880 0.000001 -0.382683 -0.923880 -0.000001 -0.382683 -0.923880 -0.000001 -0.923879 0.382684 0.000000 -0.923879 0.382684 0.000000 -0.923879 0.382684 0.000000 -0.923879 0.382684 0.000000 0.382684 0.923879 -0.000000 0.382684 0.923879 -0.000001 0.382684 0.923879 -0.000000 0.382684 0.923879 0.000000 -0.772592 0.405872 -0.488231 -0.772592 0.405871 -0.488231 -0.772592 0.405871 -0.488231 -0.772592 0.405872 -0.488231 0.858650 -0.412975 -0.303598 0.858651 -0.412974 -0.303598 0.858651 -0.412974 -0.303598 0.858650 -0.412975 -0.303598 0.343677 0.938859 0.020714 0.343677 0.938859 0.020716 0.343677 0.938859 0.020716 0.343677 0.938859 0.020714 0.772592 -0.405871 -0.488231 0.772593 -0.405871 -0.488231 0.772593 -0.405871 -0.488231 0.772592 -0.405871 -0.488231 0.419313 0.903561 -0.088061 0.419313 0.903561 -0.088061 0.419313 0.903561 -0.088061 0.419313 0.903561 -0.088061 -0.343677 -0.938859 0.020712 -0.343677 -0.938859 0.020715 -0.343677 -0.938859 0.020715 -0.343677 -0.938859 0.020712 0.412975 0.858650 -0.303598 0.412973 0.858651 -0.303598 0.412973 0.858651 -0.303598 0.412975 0.858650 -0.303598 -0.938859 0.343677 0.020718 -0.938859 0.343677 0.020717 -0.938859 0.343677 0.020717 -0.938859 0.343677 0.020718 -0.419312 -0.903561 -0.088062 -0.419312 -0.903561 -0.088061 -0.419312 -0.903561 -0.088061 -0.419312 -0.903561 -0.088063 0.405871 0.772593 -0.488231 0.405870 0.772593 -0.488231 0.405870 0.772593 -0.488231 0.405871 0.772593 -0.488231 -0.412976 -0.858650 -0.303597 -0.412974 -0.858651 -0.303597 -0.412975 -0.858651 -0.303597 -0.412976 -0.858650 -0.303597 -0.903562 0.419313 -0.088053 -0.903561 0.419312 -0.088058 -0.903561 0.419312 -0.088058 -0.903562 0.419313 -0.088052 
						-0.382683 -0.923880 -0.000000 -0.382683 -0.923880 -0.000000 -0.382683 -0.923880 -0.000000 -0.382683 -0.923880 -0.000000 -0.923880 0.382683 -0.000000 -0.923880 0.382683 0.000000 -0.923880 0.382683 -0.000000 -0.923880 0.382683 -0.000000 -0.382684 0.923880 -0.000000 -0.382684 0.923880 -0.000000 -0.382684 0.923880 -0.000000 -0.382684 0.923880 -0.000000 0.382683 -0.923880 -0.000000 0.382683 -0.923880 -0.000000 0.382684 -0.923880 -0.000000 0.382683 -0.923880 -0.000000 0.382683 -0.923880 -0.000000 0.382683 -0.923880 -0.000000 0.382683 -0.923880 -0.000000 0.382684 -0.923879 -0.000000 -0.382684 0.923880 0.000000 -0.382683 0.923880 0.000000 -0.382683 0.923880 0.000000 -0.382684 0.923880 0.000000 -0.382683 0.923880 0.000000 -0.382683 0.923880 0.000000 -0.382684 0.923879 0.000000 -0.382684 0.923879 0.000000 -0.923880 -0.382684 -0.000000 -0.923880 -0.382684 -0.000000 -0.923880 -0.382684 -0.000000 -0.923880 -0.382684 0.000000 0.923880 0.382683 -0.000000 0.923880 0.382683 0.000000 0.923880 0.382683 -0.000000 0.923880 0.382683 -0.000000 0.382683 0.923880 -0.000000 0.382683 0.923880 -0.000000 0.382683 0.923880 -0.000000 0.382683 0.923880 -0.000000 0.923880 -0.382683 -0.000000 0.923880 -0.382683 -0.000000 0.923880 -0.382683 -0.000000 0.923880 -0.382683 -0.000000 0.382683 -0.923880 -0.000000 0.382684 -0.923880 -0.000000 0.382684 -0.923880 -0.000000 0.382683 -0.923880 0.000000 0.000000 0.169619 -0.985510 0.000000 0.169618 -0.985510 0.000000 0.169618 -0.985510 0.000000 0.169619 -0.985510 0.118349 -0.000000 -0.992972 0.118349 0.000000 -0.992972 0.118349 0.000000 -0.992972 0.118349 -0.000000 -0.992972 0.000000 -0.169619 -0.985510 -0.000000 -0.169619 -0.985510 0.000000 -0.169619 -0.985510 -0.000000 -0.169619 -0.985510 0.000000 0.000000 -1.000000 0.000000 -0.000000 -1.000000 0.000000 -0.000000 -1.000000 0.000000 0.000000 -1.000000 
						-0.251348 -0.967897 -0.000000 -0.251348 -0.967897 -0.000000 -0.251348 -0.967897 -0.000000 -0.251349 -0.967897 -0.000000 0.251348 -0.967897 -0.000000 0.251348 -0.967897 -0.000000 0.251348 -0.967897 0.000000 0.251348 -0.967897 -0.000000 -0.970701 -0.000002 -0.240291 -0.970701 -0.000002 -0.240291 -0.970701 -0.000002 -0.240291 -0.970701 -0.000002 -0.240291 1.000000 0.000000 -0.000006 1.000000 0.000000 -0.000012 1.000000 0.000000 -0.000003 1.000000 0.000000 0.000004 1.000000 0.000000 0.000003 1.000000 0.000000 -0.000013 1.000000 0.000000 -0.000023 1.000000 0.000000 -0.000003 1.000000 0.000000 -0.000004 1.000000 0.000000 -0.000000 -0.574976 -0.000001 -0.818170 -0.574976 -0.000001 -0.818170 -0.574976 -0.000001 -0.818170 -0.574976 -0.000001 -0.818170 -0.154282 -0.000001 -0.988027 -0.154282 -0.000001 -0.988027 -0.154282 -0.000001 -0.988027 -0.154282 -0.000001 -0.988027 0.230543 0.000000 -0.973062 0.230543 0.000000 -0.973062 0.230543 -0.000001 -0.973062 0.230543 -0.000001 -0.973062 1.000000 0.000000 -0.000003 1.000000 0.000000 -0.000000 1.000000 0.000000 -0.000000 1.000000 0.000000 0.000006 1.000000 0.000000 0.000010 1.000000 0.000000 -0.000023 1.000000 0.000000 0.000012 1.000000 0.000000 -0.000004 1.000000 0.000000 -0.000006 1.000000 0.000000 -0.000006 1.000000 0.000001 0.000000 1.000000 0.000000 0.000000 1.000000 0.000001 0.000000 1.000000 0.000001 0.000000 -0.999295 -0.000002 -0.037544 -0.999295 -0.000001 -0.037544 -0.999295 -0.000001 -0.037544 -0.999295 -0.000002 -0.037544 -0.225670 -0.000001 0.974204 -0.225670 -0.000001 0.974204 -0.225670 -0.000001 0.974204 -0.225670 -0.000001 0.974204 -0.995507 -0.000001 0.094689 -0.995507 -0.000001 0.094689 -0.995507 -0.000001 0.094689 -0.995507 -0.000001 0.094689 0.230543 0.000001 0.973062 0.230543 0.000001 0.973062 0.230543 -0.000001 0.973062 0.230543 -0.000001 0.973062 
						0.000000 -0.000001 1.000000 0.000000 -0.000002 1.000000 0.000000 -0.000002 1.000000 0.000000 -0.000001 1.000000 0.251348 -0.967897 -0.000000 0.251348 -0.967897 -0.000000 0.251348 -0.967897 -0.000000 0.251348 -0.967897 -0.000000 0.251348 -0.967897 -0.000000 0.251348 -0.967897 -0.000000 -0.251348 -0.967897 -0.000000 -0.251348 -0.967897 -0.000000 -0.251348 -0.967897 -0.000000 -0.251348 -0.967897 -0.000000 -0.251348 -0.967897 -0.000000 -0.251348 -0.967897 -0.000000 0.000000 -0.169618 -0.985510 0.000000 -0.169618 -0.985510 0.000000 -0.169618 -0.985510 0.000000 -0.169618 -0.985510 -0.977006 0.213209 0.000000 -0.977006 0.213209 0.000000 0.977006 -0.213209 0.000000 0.251348 -0.967897 -0.000000 0.251348 -0.967897 -0.000000 0.977006 -0.213209 0.000000 -0.000000 0.169618 -0.985510 -0.000000 0.169618 -0.985510 -0.000000 0.169618 -0.985510 -0.000000 0.169618 -0.985510 0.000000 0.169618 -0.985510 0.000000 0.169618 -0.985510 -0.251348 -0.967897 -0.000000 -0.251348 -0.967897 -0.000000 -0.251348 -0.967897 -0.000000 -0.251348 -0.967897 -0.000000 -0.251348 -0.967897 -0.000000 -0.251348 -0.967897 -0.000000 -0.251349 -0.967897 -0.000000 -0.251348 -0.967897 -0.000000 -0.251347 -0.967897 -0.000000 -0.251349 -0.967896 -0.000000 -0.251348 -0.967897 -0.000000 -0.251347 -0.967897 0.000000 0.251349 -0.967897 -0.000000 0.251348 -0.967897 0.000000 0.251348 -0.967897 -0.000000 0.251348 -0.967897 -0.000000 0.251348 -0.967897 -0.000000 0.251348 -0.967897 -0.000000 0.251348 -0.967897 -0.000000 0.251347 -0.967897 -0.000000 0.251348 -0.967897 -0.000000 0.251348 -0.967897 -0.000000 0.251349 -0.967897 -0.000000 0.251348 -0.967897 -0.000000 0.251347 -0.967897 -0.000000 -0.251348 -0.967897 -0.000000 -0.251348 -0.967897 -0.000000 -0.251348 -0.967897 -0.000000 -0.118349 -0.000000 -0.992972 -0.118349 -0.000000 -0.992972 -0.118349 -0.000000 -0.992972 -0.118349 -0.000000 -0.992972 
						-0.000000 0.000000 -1.000000 -0.000000 0.000000 -1.000000 -0.000000 0.000000 -1.000000 -0.000000 0.000000 -1.000000 0.000000 -0.000000 1.000000 0.000000 -0.000000 1.000000 0.000000 -0.000000 1.000000 0.000000 -0.000000 1.000000 0.118349 0.000000 -0.992972 0.118349 0.000000 -0.992972 0.118349 0.000000 -0.992972 0.118349 0.000000 -0.992972 -0.977006 0.213209 0.000000 -0.977006 0.213209 0.000000 -0.000000 -0.000000 1.000000 -0.000000 -0.000000 1.000000 -0.000000 -0.000000 1.000000 -0.000000 -0.000000 1.000000 -0.719101 0.156927 -0.676955 -0.719101 0.156927 -0.676955 -0.719101 0.156927 -0.676955 -0.719101 0.156927 -0.676955 0.319811 -0.069791 0.944908 0.319811 -0.069791 0.944908 0.319811 -0.069791 0.944908 0.319811 -0.069791 0.944908 0.977006 -0.213209 0.000000 0.000001 0.000000 -1.000000 0.000001 0.000000 -1.000000 0.000001 0.000000 -1.000000 0.000001 0.000000 -1.000000 -0.000001 -0.000000 1.000000 -0.000001 -0.000000 1.000000 -0.000001 -0.000000 1.000000 -0.000001 -0.000000 1.000000 -0.977006 0.213209 0.000000 0.228547 -0.049875 0.972255 0.228547 -0.049875 0.972255 0.228547 -0.049875 0.972255 0.228547 -0.049875 0.972255 -0.000001 -0.000000 1.000000 -0.000001 -0.000000 1.000000 -0.000001 -0.000000 1.000000 -0.000001 -0.000000 1.000000 0.000002 -0.000000 -1.000000 0.000002 -0.000000 -1.000000 0.319811 -0.069791 0.944908 0.319811 -0.069791 0.944908 -0.719101 0.156927 -0.676955 -0.719101 0.156927 -0.676955 -0.037054 0.008086 -0.999281 -0.037054 0.008086 -0.999281 -0.037054 0.008086 -0.999281 -0.037054 0.008086 -0.999281 0.009455 -0.002063 0.999953 0.009455 -0.002063 0.999953 0.009455 -0.002063 0.999953 0.009455 -0.002063 0.999953 -0.271606 0.059272 -0.960582 -0.271606 0.059272 -0.960582 -0.271606 0.059272 -0.960582 -0.271606 0.059272 -0.960582 0.228546 -0.049875 0.972255 0.228546 -0.049875 0.972255 
						-0.271606 0.059272 -0.960582 -0.271606 0.059272 -0.960582 0.000001 0.000000 -1.000000 0.000001 0.000000 -1.000000 0.000000 0.000000 -1.000000 0.000000 0.000000 -1.000000 0.000000 0.000000 -1.000000 0.000000 0.000000 -1.000000 -0.000000 -0.000000 1.000000 -0.000000 -0.000000 1.000000 -0.000000 -0.000000 1.000000 -0.000000 -0.000000 1.000000 0.000002 -0.000000 -1.000000 0.000002 -0.000000 -1.000000 -0.000000 -0.000000 1.000000 -0.000000 -0.000000 1.000000 0.009454 -0.002063 0.999953 0.009454 -0.002063 0.999953 -0.037054 0.008086 -0.999281 -0.037054 0.008086 -0.999281 0.000000 0.000000 -1.000000 0.000000 0.000000 -1.000000 0.000000 0.000000 -1.000000 -0.000000 -0.000000 1.000000 -0.000000 -0.000000 1.000000 -0.000000 -0.000000 1.000000 -0.000000 -0.000000 1.000000 0.000000 0.000000 -1.000000 0.000001 0.000000 -1.000000 0.000001 0.000000 -1.000000 -0.000001 -0.000000 1.000000 -0.000001 -0.000000 1.000000 -0.977006 0.213209 0.000000 -0.977006 0.213209 0.000000 0.977006 -0.213209 0.000000 0.977006 -0.213209 0.000000 -0.977006 0.213209 0.000000 -0.977006 0.213209 0.000000 0.977006 -0.213209 0.000000 -0.977006 0.213209 0.000000 -0.000000 -0.000000 1.000000 -0.000000 -0.000000 1.000000 0.977006 -0.213209 0.000000 0.977006 -0.213209 0.000000 -0.977006 0.213209 0.000000 0.000000 0.000000 -1.000000 0.000000 0.000000 -1.000000 0.000000 0.000000 -1.000000 0.000000 0.000000 -1.000000 0.977006 -0.213209 0.000000 0.000000 0.000000 -1.000000 0.000000 0.000000 -1.000000 0.000000 0.000000 -1.000000 0.000000 0.000000 -1.000000 0.970673 -0.211827 -0.113677 0.970673 -0.211827 -0.113677 0.970673 -0.211827 -0.113677 0.970673 -0.211827 -0.113677 0.977006 -0.213209 0.000000 0.977006 -0.213209 0.000000 0.977006 -0.213209 0.000000 -0.977006 0.213209 0.000000 0.000000 0.000000 -1.000000 0.000000 0.000000 -1.000000 
						-0.892211 0.194704 0.407491 -0.892211 0.194704 0.407491 -0.892211 0.194704 0.407491 -0.892211 0.194704 0.407491 0.970673 -0.211827 -0.113677 0.970673 -0.211827 -0.113677 -0.972188 0.212158 0.099195 -0.972188 0.212158 0.099195 -0.972188 0.212158 0.099195 -0.972188 0.212158 0.099195 -0.000000 -0.000000 1.000000 -0.000000 -0.000000 1.000000 -0.972188 0.212158 0.099195 -0.972188 0.212158 0.099195 0.000000 -0.000000 1.000000 0.000000 -0.000000 1.000000 0.000000 -0.000000 1.000000 0.000000 -0.000000 1.000000 0.000000 0.000000 -1.000000 0.000000 0.000000 -1.000000 0.804614 -0.175588 -0.567243 0.804614 -0.175588 -0.567243 0.804614 -0.175588 -0.567243 0.804614 -0.175588 -0.567243 -0.892211 0.194704 0.407491 -0.892211 0.194704 0.407491 0.804617 -0.175589 -0.567239 0.804617 -0.175589 -0.567239 -0.010269 0.002241 0.999945 -0.010269 0.002241 0.999945 -0.010269 0.002241 0.999945 -0.010269 0.002241 0.999945 0.007338 -0.001601 -0.999972 0.007338 -0.001601 -0.999972 0.007338 -0.001601 -0.999972 0.007338 -0.001601 -0.999972 0.241314 -0.052661 -0.969017 0.241314 -0.052661 -0.969017 0.241314 -0.052661 -0.969017 0.241314 -0.052661 -0.969017 -0.383320 0.083651 0.919820 -0.383320 0.083651 0.919820 -0.383320 0.083651 0.919820 -0.383320 0.083651 0.919820 0.241309 -0.052660 -0.969018 0.241309 -0.052660 -0.969018 -0.383322 0.083651 0.919819 -0.383322 0.083651 0.919819 0.007247 -0.001581 -0.999972 0.007247 -0.001581 -0.999972 0.007247 -0.001581 -0.999972 0.007247 -0.001581 -0.999972 -0.000000 -0.000000 1.000000 -0.000000 -0.000000 1.000000 -0.000000 -0.000000 1.000000 -0.000000 -0.000000 1.000000 0.000000 0.000000 -1.000000 0.000000 0.000000 -1.000000 0.007338 -0.001601 -0.999972 0.007338 -0.001601 -0.999972 -0.010272 0.002241 0.999945 -0.010272 0.002241 0.999945 0.237831 0.971281 -0.007001 0.237831 0.971281 -0.007001 
						0.237831 0.971281 -0.007001 0.237831 0.971281 -0.007001 0.237832 0.971281 -0.007001 0.237832 0.971281 -0.007001 -0.007247 0.001581 0.999972 -0.007247 0.001581 0.999972 -0.007247 0.001581 0.999972 -0.007247 0.001581 0.999972 0.007247 -0.001581 -0.999972 0.007247 -0.001581 -0.999972 -0.007247 0.001581 0.999972 -0.007247 0.001581 0.999972 0.000000 0.000000 -1.000000 0.000000 0.000000 -1.000000 0.000000 -0.000000 1.000000 0.000000 -0.000000 1.000000 0.000000 -0.000000 1.000000 0.000000 -0.000000 1.000000 0.970673 -0.211827 0.113677 0.970673 -0.211827 0.113677 0.970673 -0.211827 0.113677 0.970673 -0.211827 0.113677 0.000001 -0.000000 1.000000 0.000001 -0.000000 1.000000 -0.892211 0.194705 -0.407493 -0.892211 0.194705 -0.407493 -0.892211 0.194705 -0.407493 -0.892211 0.194705 -0.407493 0.970673 -0.211827 0.113677 0.970673 -0.211827 0.113677 -0.972188 0.212158 -0.099194 -0.972188 0.212158 -0.099194 -0.972188 0.212158 -0.099194 -0.972188 0.212158 -0.099194 -0.000000 0.000000 -1.000000 -0.000000 0.000000 -1.000000 -0.000000 0.000000 -1.000000 -0.000000 0.000000 -1.000000 -0.972188 0.212158 -0.099195 -0.972188 0.212158 -0.099195 0.000000 0.000000 -1.000000 0.000000 0.000000 -1.000000 0.000000 0.000000 -1.000000 0.000000 0.000000 -1.000000 0.000000 -0.000000 1.000000 0.000000 -0.000000 1.000000 0.804617 -0.175589 0.567239 0.804617 -0.175589 0.567239 0.804617 -0.175589 0.567239 0.804617 -0.175589 0.567239 -0.892211 0.194704 -0.407493 -0.892211 0.194704 -0.407493 0.804618 -0.175589 0.567237 0.804618 -0.175589 0.567237 -0.010270 0.002241 -0.999945 -0.010270 0.002241 -0.999945 -0.010270 0.002241 -0.999945 -0.010270 0.002241 -0.999945 0.007339 -0.001602 0.999972 0.007339 -0.001602 0.999972 0.007339 -0.001602 0.999972 0.007339 -0.001602 0.999972 0.241307 -0.052660 0.969019 0.241307 -0.052660 0.969019 
						0.241307 -0.052660 0.969019 0.241307 -0.052660 0.969019 -0.383317 0.083650 -0.919821 -0.383317 0.083650 -0.919821 -0.383317 0.083650 -0.919821 -0.383317 0.083650 -0.919821 0.241308 -0.052660 0.969019 0.241308 -0.052660 0.969019 -0.383316 0.083650 -0.919821 -0.383316 0.083650 -0.919821 0.007244 -0.001581 0.999973 0.007244 -0.001581 0.999973 0.007244 -0.001581 0.999973 0.007244 -0.001581 0.999973 0.000000 0.000000 -1.000000 0.000000 0.000000 -1.000000 0.000000 0.000000 -1.000000 0.000000 0.000000 -1.000000 -0.000000 -0.000000 1.000000 -0.000000 -0.000000 1.000000 0.007339 -0.001602 0.999972 0.007339 -0.001602 0.999972 -0.010270 0.002241 -0.999945 -0.010270 0.002241 -0.999945 0.000000 -0.999974 -0.007212 -0.000000 -0.999974 -0.007212 -0.000000 -0.999974 -0.007212 0.000001 -0.999974 -0.007212 0.000000 -0.999974 -0.007212 0.000000 -0.999974 -0.007212 -0.007245 0.001581 -0.999973 -0.007245 0.001581 -0.999973 -0.007245 0.001581 -0.999973 -0.007245 0.001581 -0.999973 0.007245 -0.001581 0.999973 0.007245 -0.001581 0.999973 -0.007245 0.001581 -0.999973 -0.007245 0.001581 -0.999973 0.000000 -0.000000 1.000000 0.000000 -0.000000 1.000000 -0.043318 0.999061 -0.000021 -0.043318 0.999061 -0.000021 -0.043318 0.999061 -0.000021 0.036488 0.999334 -0.000021 0.036488 0.999334 -0.000021 0.036488 0.999334 -0.000021 -0.053289 0.998579 -0.000021 -0.053289 0.998579 -0.000021 -0.053289 0.998579 -0.000021 0.043318 0.999061 -0.000021 0.043318 0.999061 -0.000021 0.043318 0.999061 -0.000021 -0.000005 0.968770 -0.247962 -0.000005 0.979775 0.200103 -0.000005 0.921797 -0.387674 -0.000004 0.732385 -0.680891 -0.037726 0.999288 -0.000021 -0.211873 0.977297 -0.000020 -0.146331 0.989236 -0.000020 0.028894 0.999583 -0.000021 0.043318 0.999061 -0.000021 0.043318 0.999061 -0.000021 0.043318 0.999061 -0.000021 -0.036489 0.999334 -0.000021 
						-0.036488 0.999334 -0.000021 -0.036488 0.999334 -0.000021 -0.000001 0.444830 -0.895615 -0.000001 0.487509 -0.873118 -0.000001 0.455475 -0.890249 -0.000001 0.414351 -0.910117 0.064268 -0.997726 -0.020295 0.064584 -0.997778 -0.016373 0.064397 -0.997749 -0.018685 0.064083 -0.997689 -0.022583 -0.999786 -0.000092 0.020674 -0.999786 -0.000092 0.020672 -0.999786 -0.000092 0.020672 -0.999786 -0.000092 0.020672 -0.999786 -0.000092 0.020672 -0.999786 -0.000092 0.020672 -0.999786 -0.000092 0.020672 -0.999786 -0.000092 0.020671 -0.999786 -0.000092 0.020675 -0.999786 -0.000092 0.020682 -0.999786 -0.000092 0.020686 -0.030544 -0.997328 0.066365 -0.029857 -0.997241 0.067957 -0.040767 -0.998259 0.042632 -0.041576 -0.998304 0.040749 -0.024519 -0.999289 0.028630 -0.008155 -0.999113 0.041312 -0.008990 -0.999132 0.040666 -0.025139 -0.999288 0.028150 0.013255 -0.999594 0.025219 0.012648 -0.999582 0.026009 0.024131 -0.999648 0.011052 0.024528 -0.999644 0.010535 0.999741 -0.000102 -0.022758 0.999741 -0.000102 -0.022759 0.999741 -0.000102 -0.022759 0.999741 -0.000102 -0.022759 0.999741 -0.000102 -0.022759 0.999741 -0.000102 -0.022759 0.999741 -0.000102 -0.022759 0.999741 -0.000102 -0.022759 0.999741 -0.000102 -0.022759 0.999741 -0.000102 -0.022759 0.999741 -0.000102 -0.022756 0.007724 -0.999968 -0.001975 0.007725 -0.999969 -0.001164 0.007722 -0.999965 -0.003067 0.007720 -0.999963 -0.003889 0.086699 -0.996118 -0.015233 0.086857 -0.996214 -0.003580 0.086767 -0.996175 -0.010362 0.086603 -0.996001 -0.021973 -0.004353 -0.999785 -0.020296 -0.004235 -0.999783 -0.020405 -0.006812 -0.999814 -0.018021 -0.006940 -0.999816 -0.017902 0.058990 -0.998017 -0.021954 0.058773 -0.998219 -0.010196 0.058825 -0.998184 -0.012960 0.059039 -0.997949 -0.024730 -0.000252 -0.999995 -0.003155 -0.000340 -0.999995 -0.003241 0.000644 -0.999997 -0.002282 0.000735 -0.999997 -0.002193 
						-0.003061 -0.999995 -0.000000 0.000005 -1.000000 -0.000000 -0.000187 -1.000000 -0.000000 -0.003286 -0.999995 -0.000000 0.000193 -1.000000 0.000000 0.003287 -0.999995 -0.000000 0.003066 -0.999995 -0.000000 0.000005 -1.000000 -0.000000 -0.002384 -0.999997 0.000586 -0.002473 -0.999997 0.000499 -0.001501 -0.999998 0.001446 -0.001415 -0.999998 0.001530 -0.059354 -0.998226 0.004753 -0.059576 -0.998095 0.016017 -0.059523 -0.998139 0.013283 -0.059300 -0.998238 0.002098 0.006811 -0.999814 0.018022 0.006942 -0.999816 0.017901 0.004375 -0.999785 0.020275 0.004255 -0.999783 0.020386 -0.086738 -0.996153 0.012470 -0.086570 -0.995951 0.024249 -0.086669 -0.996085 0.017389 -0.086830 -0.996207 0.005647 -0.007726 -0.999970 0.000958 -0.007724 -0.999969 0.001750 -0.007728 -0.999970 -0.000114 -0.007729 -0.999970 -0.000917 -0.022501 -0.999660 -0.013177 -0.022907 -0.999658 -0.012648 -0.011823 -0.999563 -0.027084 -0.011209 -0.999548 -0.027884 0.010867 -0.999172 -0.039212 0.027029 -0.999278 -0.026684 0.026367 -0.999282 -0.027197 0.009974 -0.999154 -0.039904 0.041752 -0.998313 -0.040340 0.042529 -0.998352 -0.038532 0.031614 -0.997456 -0.063885 0.030968 -0.997379 -0.065384 -0.064226 -0.997718 0.020809 -0.063907 -0.997649 0.024752 -0.064094 -0.997692 0.022440 -0.064413 -0.997752 0.018487 -0.000563 -0.999934 0.011429 -0.000914 -0.999515 0.031140 -0.000829 -0.999652 0.026359 -0.000476 -0.999978 0.006528 0.000597 -0.999908 -0.013560 0.000235 -0.999977 0.006758 0.000324 -0.999998 0.001802 0.000682 -0.999831 -0.018342 0.942792 -0.333367 0.002955 0.942792 -0.333368 0.002955 0.942792 -0.333368 0.002955 0.942793 -0.333367 0.002955 0.942792 -0.333367 0.002948 0.942792 -0.333367 0.002948 0.000001 0.000000 -1.000000 0.000001 0.000000 -1.000000 -0.000001 -0.000000 1.000000 -0.000001 -0.000000 1.000000 -0.000000 -0.000000 1.000000 0.000000 0.000000 -1.000000 
						-0.999848 -0.000000 0.017447 -0.999848 -0.000000 0.017444 -0.999848 -0.000000 0.017453 -0.999847 -0.000000 0.017513 -0.999849 0.000000 0.017405 -0.999848 -0.000000 0.017441 -0.999848 -0.000000 0.017450 -0.999848 -0.000000 -0.017451 -0.999848 -0.000000 -0.017447 -0.999848 -0.000000 -0.017447 -0.999848 0.000000 -0.017449 -0.999849 0.000000 -0.017383 -0.999849 0.000000 -0.017370 -0.999847 -0.000000 -0.017514 1.000000 -0.000020 0.000000 1.000000 -0.000020 -0.000000 1.000000 -0.000022 0.000000 1.000000 -0.000022 0.000000 -0.999848 0.000000 0.017438 -0.999848 0.000000 0.017437 -0.999848 0.000000 0.017448 -0.999846 0.000000 0.017528 -0.999849 0.000000 0.017387 -0.999848 0.000000 0.017434 -0.999848 0.000000 0.017437 -0.991005 -0.000022 -0.133824 -0.991005 -0.000024 -0.133824 -0.991005 -0.000023 -0.133824 -0.991005 -0.000021 -0.133824 -0.893000 -0.000018 -0.450056 -0.893000 -0.000020 -0.450056 -0.893000 -0.000019 -0.450056 -0.893000 -0.000017 -0.450056 -0.469442 -0.000014 -0.882963 -0.469442 -0.000014 -0.882963 -0.469442 -0.000014 -0.882963 -0.469442 -0.000014 -0.882963 -1.000000 -0.000024 -0.000000 -1.000000 -0.000024 0.000000 -1.000000 -0.000024 0.000000 -1.000000 -0.000024 0.000000 -0.879672 -0.000021 0.475580 -0.879672 -0.000023 0.475580 -0.879672 -0.000021 0.475580 -0.879672 -0.000020 0.475580 -0.302486 -0.000018 0.953154 -0.302486 -0.000018 0.953154 -0.302486 -0.000019 0.953154 -0.302486 -0.000020 0.953154 0.999848 0.000000 0.017450 0.999848 0.000000 0.017448 0.999848 0.000000 0.017449 0.999848 0.000000 0.017454 0.999849 -0.000000 0.017390 0.999849 0.000000 0.017379 0.999847 0.000000 0.017504 1.000000 -0.000020 0.000000 1.000000 -0.000020 0.000000 1.000000 -0.000021 0.000000 1.000000 -0.000021 0.000000 -0.991005 -0.000024 -0.133824 -0.991005 -0.000021 -0.133824 -0.991005 -0.000023 -0.133824 -0.991005 -0.000025 -0.133824 
						-0.893000 -0.000020 -0.450056 -0.893000 -0.000023 -0.450056 -0.893000 -0.000021 -0.450056 -0.893000 -0.000018 -0.450056 -0.469442 -0.000016 -0.882963 -0.469442 -0.000015 -0.882963 -0.469442 -0.000018 -0.882963 -0.469442 -0.000019 -0.882963 -1.000000 -0.000024 -0.000000 -1.000000 -0.000024 0.000000 -1.000000 -0.000022 -0.000000 -1.000000 -0.000022 -0.000000 -0.879672 -0.000023 0.475580 -0.879672 -0.000023 0.475580 -0.879672 -0.000023 0.475580 -0.879672 -0.000023 0.475580 -0.302486 -0.000020 0.953154 -0.302486 -0.000020 0.953154 -0.302486 -0.000020 0.953154 -0.302486 -0.000020 0.953154 -0.197639 -0.000000 -0.980275 -0.197639 0.000000 -0.980275 -0.197639 -0.000001 -0.980275 -0.197639 -0.000001 -0.980275 0.197640 0.000001 -0.980275 0.197640 0.000001 -0.980275 0.197640 0.000002 -0.980275 0.197640 0.000002 -0.980275 0.980275 0.000000 -0.197639 0.980280 0.000000 -0.197612 0.980272 0.000000 -0.197651 0.980273 0.000000 -0.197647 0.980275 0.000000 -0.197640 0.980275 0.000000 -0.197641 0.980274 0.000000 -0.197642 0.980274 0.000000 -0.197645 -0.197639 -0.000001 0.980275 -0.197639 -0.000002 0.980275 -0.197639 -0.000000 0.980275 -0.197639 -0.000000 0.980275 0.197639 0.000000 0.980275 0.197639 -0.000000 0.980275 0.197639 0.000001 0.980275 0.197639 0.000001 0.980275 -0.761571 -0.000000 0.648081 -0.761572 -0.000000 0.648081 -0.761571 -0.000000 0.648081 -0.761572 -0.000000 0.648081 0.761572 -0.000000 0.648081 0.761572 -0.000000 0.648081 0.761572 -0.000000 0.648081 0.761572 -0.000000 0.648081 0.761572 0.000004 -0.648081 0.761572 0.000005 -0.648081 0.761572 0.000001 -0.648081 0.761572 0.000000 -0.648081 -0.666213 0.460409 0.586672 -0.666210 0.460409 0.586676 -0.666218 0.460408 0.586667 -0.666222 0.460408 0.586662 -0.583001 0.800157 0.140917 -0.583002 0.800157 0.140912 -0.582999 0.800157 0.140926 -0.582997 0.800157 0.140935 
						0.582996 -0.800159 0.140929 0.582996 -0.800159 0.140929 0.582996 -0.800159 0.140930 0.582996 -0.800159 0.140931 0.666216 -0.460409 0.586668 0.666216 -0.460409 0.586668 0.666216 -0.460409 0.586668 0.666216 -0.460409 0.586668 0.439023 -0.200445 0.875832 0.439023 -0.200445 0.875831 0.439022 -0.200445 0.875832 0.439022 -0.200445 0.875832 0.125691 -0.096041 0.987410 0.125691 -0.096041 0.987410 0.125691 -0.096041 0.987410 0.125691 -0.096041 0.987410 -0.125691 0.096042 0.987410 -0.125691 0.096041 0.987410 -0.125690 0.096043 0.987410 -0.125688 0.096045 0.987410 -0.439018 0.200448 0.875833 -0.439019 0.200447 0.875833 -0.439016 0.200449 0.875834 -0.439015 0.200449 0.875835 -0.970872 0.000000 -0.239601 -0.937176 0.000000 -0.348857 -0.955259 0.000000 -0.295770 -0.975410 0.000000 -0.220397 -0.982669 0.000000 -0.185370 -0.978944 0.000000 -0.204130 -0.973888 0.000000 -0.227028 -0.979541 0.000000 -0.201246 -0.864559 -0.096825 -0.493115 -0.814864 -0.046144 -0.577812 -0.902073 -0.143993 -0.406855 -0.930395 -0.191164 -0.312764 -0.539328 -0.534024 -0.651110 -0.535368 -0.526347 -0.660560 -0.541714 -0.538690 -0.645259 -0.543759 -0.542715 -0.640146 -0.619967 -0.762112 0.186618 -0.618638 -0.773987 0.135021 -0.619779 -0.751082 0.227489 -0.618922 -0.742038 0.257516 -0.925790 -0.360211 -0.114723 -0.895642 -0.389727 -0.214332 -0.946403 -0.322966 -0.003859 -0.953358 -0.288926 0.087350 -0.895937 0.135455 -0.423023 -0.839814 0.070391 -0.538291 -0.932502 0.195507 -0.303673 -0.951458 0.253452 -0.174614 -0.589475 0.642135 -0.490084 -0.587676 0.637700 -0.497972 -0.590548 0.644815 -0.485250 -0.591461 0.647116 -0.481056 -0.607659 0.794188 0.003997 -0.608676 0.793324 0.012315 -0.606805 0.794846 -0.002738 -0.606144 0.795317 -0.007795 -0.890135 0.393819 -0.229274 -0.838340 0.422308 -0.344734 -0.930604 0.353681 -0.094265 -0.949103 0.314324 0.020090 
						-0.761574 0.000000 -0.648079 -0.761574 0.000000 -0.648079 -0.761574 0.000000 -0.648079 -0.761574 0.000000 -0.648079 -0.197639 -0.000000 -0.980275 -0.197639 -0.000000 -0.980275 -0.197639 -0.000000 -0.980275 -0.197639 -0.000000 -0.980275 0.197641 0.000000 -0.980275 0.197641 0.000000 -0.980275 0.197641 0.000000 -0.980275 0.197641 0.000000 -0.980275 -0.975564 -0.000000 0.219714 -0.991938 0.000000 0.126723 -0.995390 -0.000000 0.095914 -0.969671 0.000000 0.244415 -0.952744 -0.000000 0.303774 -0.966661 -0.000000 0.256058 -0.972415 0.000000 0.233259 -0.969838 0.000000 0.243748 -0.197639 -0.000001 0.980275 -0.197639 -0.000000 0.980275 -0.197639 -0.000001 0.980275 -0.197639 -0.000002 0.980275 0.197639 0.000001 0.980275 0.197639 0.000001 0.980275 0.197639 0.000000 0.980275 0.197639 0.000000 0.980275 -0.761572 -0.000006 0.648081 -0.761572 -0.000006 0.648081 -0.761572 -0.000006 0.648081 -0.761572 -0.000006 0.648081 0.761572 0.000006 0.648081 0.761572 0.000006 0.648081 0.761572 0.000006 0.648081 0.761572 0.000006 0.648081 0.761572 0.000002 -0.648081 0.761572 0.000001 -0.648081 0.761572 0.000005 -0.648081 0.761572 0.000006 -0.648081 -0.946724 0.322044 0.001275 -0.953245 0.290452 -0.083432 -0.923642 0.362893 0.123267 -0.895198 0.390069 0.215564 -0.619857 0.752453 -0.222692 -0.619206 0.744504 -0.249595 -0.619850 0.764478 -0.177084 -0.618457 0.774837 -0.130914 -0.543618 0.542440 0.640499 -0.545810 0.546781 0.634918 -0.540442 0.536200 0.648392 -0.536183 0.527922 0.658639 -0.905047 0.148290 0.398622 -0.931229 0.192864 0.309218 -0.863525 0.095663 0.495149 -0.816634 0.047799 0.575174 -0.932679 -0.350604 0.084779 -0.949311 -0.313553 -0.022208 -0.888123 -0.395248 0.234556 -0.839557 -0.421793 0.342396 -0.606785 -0.794861 0.002841 -0.606232 -0.795256 0.007082 -0.607678 -0.794173 -0.004196 -0.608532 -0.793450 -0.011171 
						-0.591435 -0.647065 0.481157 -0.592600 -0.650032 0.475693 -0.589727 -0.642776 0.488939 -0.587400 -0.637039 0.499141 -0.934151 -0.199046 0.296214 -0.951550 -0.254013 0.173294 -0.893185 -0.131754 0.429956 -0.839530 -0.070103 0.538771 -0.980274 -0.000000 -0.197643 -0.980271 0.000000 -0.197660 -0.980273 0.000000 -0.197648 -0.980274 -0.000000 -0.197644 -0.980274 0.000000 -0.197642 -0.980275 0.000000 -0.197639 -0.980275 -0.000000 -0.197637 -0.980275 0.000000 -0.197639 0.666215 0.460411 -0.586668 0.666216 0.460411 -0.586668 0.666215 0.460411 -0.586668 0.666214 0.460411 -0.586669 0.582996 0.800160 -0.140927 0.582997 0.800160 -0.140923 0.582995 0.800160 -0.140930 0.582995 0.800160 -0.140932 -0.582997 -0.800158 -0.140930 -0.582997 -0.800158 -0.140932 -0.582998 -0.800158 -0.140929 -0.582998 -0.800158 -0.140928 -0.666212 -0.460410 -0.586672 -0.666213 -0.460410 -0.586671 -0.666211 -0.460410 -0.586673 -0.666210 -0.460410 -0.586675 -0.439018 -0.200446 -0.875834 -0.439017 -0.200446 -0.875834 -0.439018 -0.200446 -0.875834 -0.439019 -0.200445 -0.875833 -0.125691 -0.096042 -0.987410 -0.125691 -0.096042 -0.987410 -0.125691 -0.096041 -0.987410 -0.125692 -0.096041 -0.987410 0.125691 0.096042 -0.987410 0.125690 0.096043 -0.987410 0.125692 0.096041 -0.987410 0.125692 0.096040 -0.987410 0.439020 0.200444 -0.875833 0.439021 0.200443 -0.875833 0.439020 0.200444 -0.875833 0.439019 0.200444 -0.875833 -0.761573 -0.000005 -0.648079 -0.761573 -0.000006 -0.648079 -0.761573 -0.000002 -0.648079 -0.761573 -0.000001 -0.648079 0.160782 0.114937 0.980275 0.160782 0.114936 0.980275 0.160781 0.114938 0.980275 0.160781 0.114938 0.980275 -0.160782 -0.114938 0.980275 -0.160781 -0.114939 0.980275 -0.160784 -0.114936 0.980275 -0.160784 -0.114935 0.980275 0.797453 0.570093 0.197645 0.797449 0.570091 0.197665 0.797455 0.570095 0.197628 0.797454 0.570094 0.197635 
						0.797453 0.570093 0.197643 0.797453 0.570093 0.197642 0.797452 0.570093 0.197647 0.797452 0.570093 0.197645 0.160779 0.114942 -0.980275 0.160779 0.114941 -0.980275 0.160779 0.114942 -0.980275 0.160778 0.114943 -0.980275 -0.160781 -0.114940 -0.980275 -0.160781 -0.114939 -0.980275 -0.160780 -0.114941 -0.980275 -0.160780 -0.114941 -0.980275 0.619534 0.442910 -0.648081 0.619532 0.442912 -0.648081 0.619538 0.442904 -0.648081 0.619540 0.442902 -0.648081 -0.619533 -0.442905 -0.648084 -0.619533 -0.442905 -0.648084 -0.619533 -0.442906 -0.648084 -0.619533 -0.442906 -0.648084 -0.619536 -0.442908 0.648080 -0.619536 -0.442909 0.648080 -0.619538 -0.442905 0.648080 -0.619539 -0.442904 0.648080 -0.934555 -0.155932 0.319832 -0.934555 -0.155933 0.319830 -0.934554 -0.155931 0.319835 -0.934553 -0.155930 0.319838 -0.949597 0.262653 -0.171113 -0.949597 0.262653 -0.171113 -0.949597 0.262653 -0.171111 -0.949597 0.262653 -0.171110 -0.933518 0.315062 -0.171114 -0.933518 0.315062 -0.171113 -0.933518 0.315062 -0.171116 -0.933517 0.315062 -0.171117 0.626733 -0.114995 0.770702 0.626733 -0.114995 0.770702 0.626733 -0.114995 0.770702 0.626733 -0.114995 0.770702 0.355687 -0.106272 0.928544 0.355687 -0.106272 0.928544 0.355687 -0.106272 0.928544 0.355687 -0.106272 0.928544 0.144431 -0.264253 0.953578 0.144431 -0.264252 0.953578 0.144431 -0.264254 0.953577 0.144431 -0.264255 0.953577 -0.160945 -0.254532 0.953578 -0.160945 -0.254533 0.953577 -0.160945 -0.254531 0.953578 -0.160945 -0.254528 0.953579 -0.571881 -0.302339 0.762589 -0.571881 -0.302338 0.762591 -0.571882 -0.302341 0.762588 -0.571883 -0.302343 0.762587 0.797453 0.570095 0.197639 0.797451 0.570094 0.197649 0.797452 0.570094 0.197643 0.797453 0.570095 0.197639 0.797453 0.570095 0.197635 0.797454 0.570095 0.197634 0.797453 0.570095 0.197638 0.797453 0.570094 0.197641 
						0.449179 0.833691 -0.321243 0.449178 0.833691 -0.321245 0.449180 0.833691 -0.321242 0.449181 0.833691 -0.321240 0.058514 0.983761 0.169678 0.058513 0.983761 0.169677 0.058514 0.983761 0.169679 0.058514 0.983761 0.169680 0.004174 0.985489 0.169690 0.004174 0.985489 0.169690 0.004174 0.985489 0.169691 0.004173 0.985489 0.169691 -0.094780 -0.630920 -0.770037 -0.094781 -0.630921 -0.770036 -0.094778 -0.630919 -0.770038 -0.094777 -0.630917 -0.770039 -0.015547 -0.371198 -0.928424 -0.015544 -0.371197 -0.928424 -0.015550 -0.371199 -0.928423 -0.015552 -0.371199 -0.928423 0.202165 -0.221865 -0.953890 0.202163 -0.221864 -0.953890 0.202165 -0.221865 -0.953889 0.202166 -0.221865 -0.953889 0.291806 0.070324 -0.953889 0.291809 0.070323 -0.953888 0.291804 0.070325 -0.953889 0.291802 0.070326 -0.953890 0.470055 0.443241 -0.763273 0.470057 0.443241 -0.763272 0.470053 0.443241 -0.763274 0.470052 0.443241 -0.763275 0.619542 0.442903 0.648078 0.619542 0.442903 0.648078 0.619542 0.442903 0.648078 0.619542 0.442903 0.648078 -0.160772 -0.114949 -0.980275 -0.160771 -0.114950 -0.980275 -0.160776 -0.114943 -0.980275 -0.160777 -0.114942 -0.980275 0.160778 0.114944 -0.980275 0.160778 0.114943 -0.980275 0.160776 0.114947 -0.980275 0.160775 0.114948 -0.980275 -0.797453 -0.570094 0.197642 -0.797455 -0.570095 0.197629 -0.797453 -0.570094 0.197639 -0.797452 -0.570093 0.197645 -0.797452 -0.570093 0.197647 -0.797452 -0.570093 0.197646 -0.797452 -0.570093 0.197644 -0.797453 -0.570094 0.197643 -0.160781 -0.114941 0.980274 -0.160782 -0.114939 0.980274 -0.160778 -0.114945 0.980274 -0.160777 -0.114947 0.980274 0.160777 0.114946 0.980275 0.160777 0.114946 0.980275 0.160778 0.114945 0.980275 0.160778 0.114944 0.980275 -0.619535 -0.442908 0.648081 -0.619535 -0.442908 0.648081 -0.619534 -0.442909 0.648081 -0.619534 -0.442910 0.648081 
						0.619540 0.442903 0.648080 0.619541 0.442901 0.648080 0.619537 0.442907 0.648080 0.619536 0.442908 0.648080 0.619538 0.442904 -0.648080 0.619538 0.442905 -0.648080 0.619540 0.442902 -0.648080 0.619541 0.442901 -0.648080 -0.934553 -0.155928 0.319841 -0.934553 -0.155930 0.319838 -0.934551 -0.155926 0.319845 -0.934551 -0.155925 0.319848 -0.949595 0.262658 -0.171113 -0.949596 0.262658 -0.171109 -0.949594 0.262656 -0.171121 -0.949593 0.262655 -0.171128 -0.933516 0.315064 -0.171119 -0.933516 0.315064 -0.171120 -0.933517 0.315064 -0.171118 -0.933517 0.315064 -0.171116 0.626742 -0.114991 0.770695 0.626742 -0.114991 0.770695 0.626742 -0.114991 0.770695 0.626742 -0.114991 0.770695 0.355690 -0.106268 0.928543 0.355689 -0.106268 0.928543 0.355690 -0.106268 0.928543 0.355690 -0.106267 0.928543 0.144433 -0.264250 0.953578 0.144433 -0.264249 0.953578 0.144433 -0.264250 0.953578 0.144433 -0.264250 0.953578 -0.160944 -0.254529 0.953579 -0.160944 -0.254531 0.953578 -0.160944 -0.254526 0.953579 -0.160944 -0.254522 0.953580 -0.571880 -0.302336 0.762592 -0.571880 -0.302335 0.762592 -0.571880 -0.302336 0.762592 -0.571880 -0.302336 0.762592 -0.778568 -0.556592 -0.289892 -0.765146 -0.546997 -0.339626 -0.777727 -0.555991 -0.293284 -0.792973 -0.566891 -0.223223 -0.797762 -0.570314 -0.195749 -0.789720 -0.564565 -0.240018 -0.769507 -0.550114 -0.324398 -0.753246 -0.538490 -0.377689 -0.647511 -0.586514 -0.486550 -0.635532 -0.508857 -0.580658 -0.649853 -0.652836 -0.389225 -0.642735 -0.712143 -0.282391 -0.120968 -0.792889 -0.597239 -0.123144 -0.780156 -0.613345 -0.119600 -0.800574 -0.587178 -0.118392 -0.807164 -0.578333 0.001914 -0.978491 -0.206279 -0.014300 -0.994026 -0.108204 0.014699 -0.959238 -0.282218 0.023951 -0.941413 -0.336403 -0.586122 -0.810168 0.009419 -0.567629 -0.821862 -0.048379 -0.603492 -0.794160 0.071461 -0.615726 -0.778459 0.121991 
						-0.821959 -0.405909 -0.399525 -0.747117 -0.426762 -0.509599 -0.879355 -0.379209 -0.287986 -0.923132 -0.345409 -0.168877 -0.853421 0.179831 -0.489217 -0.849567 0.177385 -0.496761 -0.855740 0.181317 -0.484596 -0.857725 0.182597 -0.480589 -0.956101 0.293034 0.001635 -0.956536 0.291345 0.012512 -0.955663 0.294375 -0.007172 -0.955284 0.295367 -0.013784 -0.952641 -0.195801 -0.232675 -0.926471 -0.142187 -0.348474 -0.962746 -0.252394 -0.097044 -0.955172 -0.295505 0.017960 -0.619531 -0.442911 -0.648082 -0.619533 -0.442909 -0.648082 -0.619527 -0.442917 -0.648082 -0.619525 -0.442920 -0.648082 0.042575 -0.193000 0.980275 0.042576 -0.193000 0.980275 0.042575 -0.193000 0.980275 0.042575 -0.193000 0.980275 -0.042575 0.193001 0.980274 -0.042575 0.193001 0.980274 -0.042575 0.193001 0.980274 -0.042575 0.193001 0.980274 0.211169 -0.957260 -0.197640 0.211168 -0.957257 -0.197656 0.211170 -0.957263 -0.197626 0.211169 -0.957261 -0.197634 0.211169 -0.957259 -0.197644 0.211169 -0.957259 -0.197643 0.211169 -0.957260 -0.197637 0.211169 -0.957261 -0.197636 0.042572 -0.193001 -0.980275 0.042570 -0.193002 -0.980275 0.042575 -0.193000 -0.980275 0.042577 -0.193000 -0.980275 -0.042578 0.193000 -0.980275 -0.042577 0.193000 -0.980275 -0.042581 0.192999 -0.980275 -0.042583 0.192999 -0.980275 0.164059 -0.743688 -0.648084 0.164061 -0.743688 -0.648084 0.164054 -0.743689 -0.648084 0.164052 -0.743690 -0.648084 -0.164053 0.743689 -0.648084 -0.164053 0.743689 -0.648084 -0.164054 0.743689 -0.648084 -0.164054 0.743689 -0.648084 -0.164053 0.743693 0.648080 -0.164053 0.743693 0.648080 -0.164054 0.743693 0.648080 -0.164054 0.743693 0.648080 -0.222692 0.607343 -0.762590 -0.222692 0.607343 -0.762590 -0.222692 0.607343 -0.762590 -0.222692 0.607343 -0.762590 0.050704 0.296841 -0.953580 0.050704 0.296841 -0.953580 0.050704 0.296841 -0.953580 0.050704 0.296841 -0.953580 
						0.284148 0.099732 -0.953579 0.284148 0.099732 -0.953579 0.284148 0.099732 -0.953579 0.284148 0.099732 -0.953579 0.335437 -0.159026 -0.928543 0.335437 -0.159027 -0.928543 0.335437 -0.159025 -0.928544 0.335437 -0.159024 -0.928544 0.542709 -0.333910 -0.770695 0.542709 -0.333909 -0.770695 0.542710 -0.333911 -0.770694 0.542710 -0.333912 -0.770694 -0.904565 0.390496 0.171102 -0.904565 0.390496 0.171099 -0.904564 0.390494 0.171108 -0.904563 0.390493 0.171113 -0.881442 0.440204 0.171116 -0.881442 0.440204 0.171117 -0.881442 0.440204 0.171116 -0.881442 0.440204 0.171115 -0.590178 0.741215 -0.319828 -0.590178 0.741215 -0.319827 -0.590178 0.741214 -0.319829 -0.590178 0.741214 -0.319831 -0.211168 0.957260 -0.197640 -0.211169 0.957265 -0.197617 -0.211168 0.957259 -0.197642 -0.211168 0.957259 -0.197644 -0.211168 0.957259 -0.197643 -0.211167 0.957259 -0.197645 -0.211168 0.957259 -0.197644 -0.211168 0.957259 -0.197643 0.052742 -0.643920 0.763272 0.052744 -0.643922 0.763271 0.052741 -0.643919 0.763273 0.052740 -0.643918 0.763274 0.169797 -0.247511 0.953891 0.169801 -0.247512 0.953890 0.169795 -0.247510 0.953891 0.169794 -0.247509 0.953892 0.298691 0.029609 0.953891 0.298690 0.029610 0.953891 0.298691 0.029609 0.953890 0.298692 0.029608 0.953890 0.236817 0.286264 0.928424 0.236817 0.286264 0.928424 0.236817 0.286265 0.928424 0.236817 0.286265 0.928424 0.351726 0.532293 0.770034 0.351726 0.532294 0.770034 0.351726 0.532293 0.770034 0.351726 0.532293 0.770035 -0.656303 -0.735167 -0.169693 -0.656303 -0.735166 -0.169700 -0.656303 -0.735168 -0.169690 -0.656303 -0.735169 -0.169686 -0.614764 -0.770244 -0.169673 -0.614765 -0.770244 -0.169672 -0.614764 -0.770244 -0.169674 -0.614764 -0.770244 -0.169674 -0.224034 -0.920117 0.321237 -0.224034 -0.920116 0.321239 -0.224033 -0.920119 0.321234 -0.224032 -0.920120 0.321231 
						0.164054 -0.743694 0.648078 0.164053 -0.743694 0.648078 0.164057 -0.743693 0.648078 0.164058 -0.743693 0.648078 -0.042571 0.193001 -0.980275 -0.042570 0.193001 -0.980275 -0.042575 0.193000 -0.980275 -0.042577 0.193000 -0.980275 0.042577 -0.193001 -0.980274 0.042577 -0.193001 -0.980274 0.042576 -0.193001 -0.980274 0.042575 -0.193001 -0.980274 -0.211168 0.957259 -0.197644 -0.211167 0.957255 -0.197665 -0.211168 0.957260 -0.197639 -0.211168 0.957260 -0.197639 -0.211168 0.957260 -0.197641 -0.211168 0.957260 -0.197639 -0.211168 0.957260 -0.197641 -0.211168 0.957259 -0.197644 -0.042579 0.193000 0.980274 -0.042580 0.193000 0.980274 -0.042576 0.193001 0.980274 -0.042575 0.193001 0.980274 0.042568 -0.193002 0.980274 0.042568 -0.193002 0.980274 0.042568 -0.193002 0.980274 0.042567 -0.193002 0.980274 -0.164052 0.743690 0.648083 -0.164053 0.743690 0.648083 -0.164050 0.743690 0.648083 -0.164049 0.743691 0.648083 0.164060 -0.743688 0.648083 0.164060 -0.743688 0.648083 0.164058 -0.743689 0.648083 0.164057 -0.743689 0.648083 0.164057 -0.743693 -0.648079 0.164056 -0.743693 -0.648079 0.164060 -0.743692 -0.648079 0.164061 -0.743692 -0.648079 -0.222695 0.607337 -0.762593 -0.222695 0.607338 -0.762592 -0.222696 0.607336 -0.762594 -0.222696 0.607335 -0.762595 0.050704 0.296840 -0.953580 0.050701 0.296837 -0.953581 0.050709 0.296846 -0.953578 0.050714 0.296851 -0.953576 0.284151 0.099737 -0.953578 0.284151 0.099738 -0.953578 0.284149 0.099735 -0.953578 0.284148 0.099733 -0.953579 0.335437 -0.159023 -0.928544 0.335438 -0.159020 -0.928544 0.335437 -0.159027 -0.928543 0.335436 -0.159031 -0.928543 0.542711 -0.333913 -0.770693 0.542711 -0.333913 -0.770693 0.542710 -0.333912 -0.770693 0.542710 -0.333912 -0.770693 -0.904563 0.390492 0.171117 -0.904564 0.390493 0.171114 -0.904563 0.390491 0.171123 -0.904562 0.390489 0.171129 
						-0.881443 0.440205 0.171105 -0.881443 0.440205 0.171106 -0.881443 0.440205 0.171104 -0.881444 0.440205 0.171103 -0.590180 0.741210 -0.319837 -0.590180 0.741211 -0.319835 -0.590181 0.741209 -0.319838 -0.590181 0.741208 -0.319840 -0.211170 0.957259 0.197643 -0.211170 0.957258 0.197647 -0.211170 0.957258 0.197648 -0.211170 0.957259 0.197645 -0.211170 0.957259 0.197642 -0.211170 0.957259 0.197642 -0.211170 0.957259 0.197643 -0.211170 0.957259 0.197640 0.052738 -0.643917 0.763275 0.052739 -0.643918 0.763274 0.052737 -0.643916 0.763276 0.052736 -0.643916 0.763277 0.169795 -0.247510 0.953891 0.169794 -0.247509 0.953892 0.169796 -0.247510 0.953891 0.169797 -0.247510 0.953891 0.298695 0.029605 0.953889 0.298695 0.029606 0.953889 0.298696 0.029605 0.953889 0.298696 0.029605 0.953889 0.236821 0.286262 0.928423 0.236821 0.286262 0.928423 0.236821 0.286261 0.928423 0.236822 0.286261 0.928423 0.351729 0.532286 0.770038 0.351729 0.532286 0.770038 0.351729 0.532286 0.770038 0.351729 0.532285 0.770038 -0.656314 -0.735158 -0.169688 -0.656314 -0.735158 -0.169689 -0.656314 -0.735158 -0.169686 -0.656314 -0.735159 -0.169685 -0.614768 -0.770237 -0.169691 -0.614768 -0.770237 -0.169692 -0.614768 -0.770237 -0.169691 -0.614768 -0.770237 -0.169690 -0.224037 -0.920119 0.321229 -0.224037 -0.920119 0.321229 -0.224037 -0.920119 0.321229 -0.224037 -0.920119 0.321229 -0.164051 0.743695 -0.648078 -0.164050 0.743696 -0.648078 -0.164053 0.743695 -0.648077 -0.164054 0.743695 -0.648077 0.158314 -0.118315 0.980275 0.158313 -0.118316 0.980275 0.158315 -0.118313 0.980275 0.158316 -0.118312 0.980275 -0.158313 0.118316 0.980275 -0.158312 0.118317 0.980275 -0.158315 0.118313 0.980275 -0.158316 0.118312 0.980275 -0.785217 0.586832 -0.197642 -0.785218 0.586832 -0.197638 -0.785217 0.586831 -0.197645 -0.785217 0.586831 -0.197645 
						-0.785217 0.586831 -0.197643 -0.785217 0.586832 -0.197641 -0.785217 0.586832 -0.197642 -0.785218 0.586832 -0.197640 0.158311 -0.118320 -0.980274 0.158311 -0.118320 -0.980274 0.158311 -0.118320 -0.980274 0.158311 -0.118320 -0.980274 -0.158329 0.118298 -0.980274 -0.158330 0.118296 -0.980274 -0.158325 0.118303 -0.980274 -0.158323 0.118305 -0.980274 0.610033 -0.455911 -0.648077 0.610033 -0.455911 -0.648077 0.610034 -0.455910 -0.648077 0.610034 -0.455910 -0.648077 -0.610031 0.455911 -0.648080 -0.610032 0.455909 -0.648080 -0.610029 0.455913 -0.648080 -0.610028 0.455915 -0.648080 -0.610031 0.455911 0.648080 -0.610030 0.455912 0.648080 -0.610032 0.455910 0.648080 -0.610032 0.455909 0.648080 -0.565356 0.314364 -0.762592 -0.565357 0.314365 -0.762592 -0.565356 0.314364 -0.762593 -0.565356 0.314363 -0.762593 -0.155524 0.257875 -0.953579 -0.155524 0.257871 -0.953580 -0.155523 0.257882 -0.953577 -0.155523 0.257889 -0.953575 0.149986 0.261143 -0.953577 0.149986 0.261144 -0.953576 0.149986 0.261142 -0.953577 0.149987 0.261141 -0.953577 0.357853 0.098727 -0.928544 0.357852 0.098728 -0.928544 0.357854 0.098725 -0.928544 0.357855 0.098723 -0.928544 0.629032 0.101713 -0.770697 0.629029 0.101715 -0.770698 0.629035 0.101711 -0.770694 0.629037 0.101710 -0.770693 -0.939971 -0.295249 0.171122 -0.939971 -0.295249 0.171123 -0.939971 -0.295249 0.171120 -0.939972 -0.295249 0.171118 -0.954940 -0.242503 0.171120 -0.954940 -0.242503 0.171120 -0.954940 -0.242503 0.171120 -0.954940 -0.242503 0.171120 -0.931050 0.175662 -0.319828 -0.931050 0.175662 -0.319827 -0.931049 0.175662 -0.319828 -0.931049 0.175661 -0.319829 -0.785217 0.586832 -0.197642 -0.785217 0.586831 -0.197645 -0.785216 0.586830 -0.197652 -0.785218 0.586832 -0.197641 -0.785218 0.586832 -0.197639 -0.785217 0.586831 -0.197643 -0.785218 0.586832 -0.197638 -0.785218 0.586832 -0.197636 
						0.460574 -0.453082 0.763274 0.460572 -0.453082 0.763276 0.460576 -0.453082 0.763273 0.460578 -0.453082 0.763272 0.290249 -0.076480 0.953890 0.290252 -0.076479 0.953889 0.290247 -0.076481 0.953891 0.290246 -0.076481 0.953891 0.206805 0.217541 0.953891 0.206805 0.217541 0.953891 0.206805 0.217541 0.953891 0.206805 0.217541 0.953891 -0.007702 0.371440 0.928425 -0.007702 0.371440 0.928425 -0.007702 0.371440 0.928425 -0.007702 0.371440 0.928425 -0.081420 0.632783 0.770036 -0.081420 0.632783 0.770036 -0.081420 0.632783 0.770036 -0.081421 0.632784 0.770036 -0.016668 -0.985356 -0.169690 -0.016668 -0.985356 -0.169690 -0.016668 -0.985356 -0.169691 -0.016669 -0.985356 -0.169691 0.037695 -0.984778 -0.169678 0.037695 -0.984778 -0.169678 0.037695 -0.984778 -0.169677 0.037695 -0.984779 -0.169677 0.431444 -0.843003 0.321251 0.431444 -0.843003 0.321251 0.431444 -0.843003 0.321250 0.431444 -0.843003 0.321250 0.610032 -0.455909 0.648080 0.610032 -0.455908 0.648080 0.610032 -0.455909 0.648080 0.610031 -0.455909 0.648080 -0.158311 0.118313 -0.980275 -0.158311 0.118312 -0.980275 -0.158311 0.118313 -0.980275 -0.158311 0.118313 -0.980275 0.158312 -0.118314 -0.980275 0.158312 -0.118314 -0.980275 0.158311 -0.118315 -0.980275 0.158311 -0.118315 -0.980275 -0.785217 0.586833 0.197640 -0.785218 0.586833 0.197638 -0.785218 0.586833 0.197634 -0.785217 0.586832 0.197642 -0.785217 0.586832 0.197644 -0.785217 0.586833 0.197640 -0.785217 0.586833 0.197640 -0.785217 0.586833 0.197641 -0.158312 0.118315 0.980275 -0.158311 0.118316 0.980275 -0.158314 0.118312 0.980275 -0.158315 0.118311 0.980275 0.158308 -0.118321 0.980275 0.158307 -0.118322 0.980275 0.158311 -0.118318 0.980275 0.158311 -0.118317 0.980275 -0.610033 0.455909 0.648079 -0.610032 0.455910 0.648079 -0.610035 0.455906 0.648079 -0.610035 0.455905 0.648079 
						0.610033 -0.455905 0.648082 0.610034 -0.455904 0.648082 0.610031 -0.455908 0.648082 0.610031 -0.455909 0.648082 0.610031 -0.455911 -0.648080 0.610030 -0.455912 -0.648080 0.610034 -0.455907 -0.648080 0.610035 -0.455905 -0.648080 -0.565355 0.314363 -0.762594 -0.565356 0.314364 -0.762593 -0.565355 0.314361 -0.762595 -0.565354 0.314360 -0.762596 -0.155526 0.257869 -0.953580 -0.155526 0.257868 -0.953580 -0.155526 0.257871 -0.953580 -0.155526 0.257872 -0.953579 0.149988 0.261132 -0.953579 0.149988 0.261132 -0.953580 0.149988 0.261133 -0.953579 0.149988 0.261134 -0.953579 0.357852 0.098723 -0.928545 0.357851 0.098724 -0.928545 0.357852 0.098723 -0.928545 0.357852 0.098722 -0.928545 0.629034 0.101711 -0.770695 0.629033 0.101711 -0.770696 0.629034 0.101711 -0.770695 0.629035 0.101711 -0.770695 -0.939970 -0.295256 0.171115 -0.939970 -0.295256 0.171113 -0.939969 -0.295256 0.171117 -0.939969 -0.295257 0.171120 -0.954939 -0.242511 0.171113 -0.954939 -0.242512 0.171113 -0.954939 -0.242511 0.171114 -0.954939 -0.242511 0.171116 -0.931047 0.175658 -0.319837 -0.931047 0.175657 -0.319838 -0.931047 0.175658 -0.319836 -0.931048 0.175659 -0.319835 0.785218 -0.586830 0.197645 0.785215 -0.586828 0.197664 0.785218 -0.586830 0.197645 0.785218 -0.586830 0.197642 0.785218 -0.586831 0.197641 0.785219 -0.586831 0.197639 0.785218 -0.586831 0.197641 0.785218 -0.586830 0.197642 0.460578 -0.453082 0.763273 0.460575 -0.453082 0.763274 0.460580 -0.453082 0.763271 0.460582 -0.453082 0.763270 0.290257 -0.076476 0.953888 0.290263 -0.076474 0.953886 0.290254 -0.076477 0.953889 0.290251 -0.076478 0.953890 0.206818 0.217539 0.953888 0.206818 0.217539 0.953889 0.206818 0.217539 0.953888 0.206819 0.217539 0.953888 -0.007694 0.371445 0.928423 -0.007694 0.371445 0.928423 -0.007693 0.371445 0.928423 -0.007693 0.371445 0.928423 
						-0.081414 0.632783 0.770037 -0.081414 0.632783 0.770037 -0.081414 0.632783 0.770037 -0.081414 0.632783 0.770037 -0.016659 -0.985357 -0.169686 -0.016658 -0.985358 -0.169685 -0.016659 -0.985357 -0.169686 -0.016659 -0.985357 -0.169687 0.037702 -0.984778 -0.169678 0.037701 -0.984779 -0.169673 0.037702 -0.984778 -0.169681 0.037703 -0.984777 -0.169684 0.431447 -0.843007 0.321236 0.431447 -0.843007 0.321237 0.431447 -0.843007 0.321236 0.431447 -0.843007 0.321236 -0.610038 0.455907 -0.648075 -0.610038 0.455908 -0.648075 -0.610039 0.455907 -0.648075 -0.610039 0.455907 -0.648075 
					</float_array>
					<technique_common>
						<accessor count="1876" offset="0" source="#meshId0-bitangents-array" stride="3">
							<param name="X" type="float" />
							<param name="Y" type="float" />
							<param name="Z" type="float" />
						</accessor>
					</technique_common>
				</source>
				<source id="meshId0-tex0" name="meshId0-tex0">
					<float_array id="meshId0-tex0-array" count="3752"> 
						0.084218 0.846745 0.000647 0.846745 0.000647 0.810071 0.084218 0.810071 0.719304 0.700956 0.866030 0.700956 0.866030 0.737638 0.719304 0.737638 0.423264 0.627593 0.569991 0.627593 0.569991 0.664275 0.423264 0.664275 0.719304 0.737638 0.866030 0.737638 0.866030 0.774319 0.719304 0.774319 0.084218 0.810071 0.000647 0.810071 0.000647 0.773398 0.084218 0.773398 0.836392 0.429079 0.874508 0.390964 0.928412 0.390964 0.966527 0.429079 0.966527 0.482983 0.928412 0.521099 0.874508 0.521099 0.836392 0.482983 0.423264 0.700956 0.569991 0.700956 0.569991 0.737638 0.423264 0.737638 0.123627 0.851595 0.177531 0.851595 0.215647 0.813480 0.215647 0.759576 0.177531 0.721460 0.123627 0.721460 0.085511 0.759576 0.085511 0.813480 0.084218 0.773398 0.000647 0.773398 0.000647 0.736725 0.084218 0.736725 0.719304 0.664275 0.866030 0.664275 0.866030 0.700956 0.719304 0.700956 0.423264 0.737638 0.569991 0.737638 0.569991 0.774319 0.423264 0.774319 0.099020 0.586191 0.095336 0.297849 0.123752 0.295337 0.110984 0.585133 0.084218 0.736725 0.000647 0.736725 0.000647 0.700051 0.084218 0.700051 0.219443 0.850219 0.219443 0.703492 0.256124 0.703492 0.256124 0.850219 
						0.836392 0.297651 0.874508 0.259535 0.928412 0.259535 0.966527 0.297651 0.966527 0.351555 0.928412 0.389671 0.874508 0.389671 0.836392 0.351555 0.761106 0.038762 0.799222 0.000647 0.853126 0.000647 0.891242 0.038762 0.891242 0.092666 0.853126 0.130782 0.799222 0.130782 0.761106 0.092666 0.084218 0.700051 0.000647 0.700051 0.000647 0.663378 0.084218 0.663378 0.123627 0.720167 0.177531 0.720167 0.215647 0.682051 0.215647 0.628147 0.177531 0.590032 0.123627 0.590032 0.085511 0.628147 0.085511 0.682051 0.536365 0.130782 0.590269 0.130782 0.628385 0.092666 0.628385 0.038762 0.590269 0.000647 0.536365 0.000647 0.498250 0.038762 0.498250 0.092666 0.956882 0.700956 0.956882 0.554230 0.993564 0.554230 0.993564 0.700956 0.084218 0.626705 0.000647 0.626705 0.000647 0.590032 0.084218 0.590032 0.423264 0.664275 0.569991 0.664275 0.569991 0.700956 0.423264 0.700956 0.423264 0.811001 0.569991 0.811001 0.569991 0.847683 0.423264 0.847683 0.719304 0.774319 0.866030 0.774319 0.866030 0.811001 0.719304 0.811001 0.423264 0.774319 0.569991 0.774319 0.569991 0.811001 0.423264 0.811001 0.719304 0.811001 0.866030 0.811001 0.866030 0.847683 0.719304 0.847683 
						0.423264 0.554230 0.569991 0.554230 0.569991 0.590911 0.423264 0.590911 0.719304 0.554230 0.866030 0.554230 0.866030 0.590911 0.719304 0.590911 0.084218 0.883418 0.000647 0.883418 0.000647 0.846745 0.084218 0.846745 0.719304 0.590911 0.866030 0.590911 0.866030 0.627593 0.719304 0.627593 0.586787 0.194680 0.560855 0.220612 0.524182 0.220612 0.498250 0.194680 0.498250 0.158007 0.524182 0.132075 0.560855 0.132075 0.586787 0.158007 0.423264 0.590911 0.569991 0.590911 0.569991 0.627593 0.423264 0.627593 0.719304 0.627593 0.866030 0.627593 0.866030 0.664275 0.719304 0.664275 0.676617 0.194680 0.650685 0.220612 0.614012 0.220612 0.588080 0.194680 0.588080 0.158007 0.614012 0.132075 0.650685 0.132075 0.676617 0.158007 0.084218 0.663378 0.000647 0.663378 0.000647 0.626705 0.084218 0.626705 0.702164 0.552688 0.674489 0.265654 0.740658 0.262047 0.744342 0.550389 0.956755 0.855801 0.956755 0.709074 0.993436 0.709074 0.993436 0.855801 0.565882 0.549331 0.578650 0.259535 0.644675 0.265191 0.607968 0.552937 0.423264 0.995702 0.423264 0.848976 0.459946 0.848976 0.459946 0.995702 0.044833 0.588739 0.000647 0.302046 0.029167 0.301455 0.056842 0.588490 
						0.879335 0.956965 0.867323 0.956965 0.867323 0.914725 0.879335 0.914725 0.945415 0.949667 0.933404 0.949667 0.933404 0.907426 0.945415 0.907426 0.076843 0.926951 0.064831 0.926951 0.064831 0.884711 0.076843 0.884711 0.945415 0.906133 0.933404 0.906133 0.933404 0.863892 0.945415 0.863892 0.756306 0.549331 0.769074 0.259535 0.835099 0.265191 0.798392 0.552937 0.056842 0.588490 0.029167 0.301455 0.095336 0.297849 0.099020 0.586191 0.309307 0.552937 0.265121 0.266244 0.293641 0.265653 0.321315 0.552688 0.110984 0.585133 0.123752 0.295337 0.189777 0.300993 0.153071 0.588739 0.363493 0.550389 0.359810 0.262047 0.388226 0.259535 0.375459 0.549331 0.499731 0.552937 0.455544 0.266245 0.484065 0.265654 0.511740 0.552688 0.321315 0.552688 0.293641 0.265653 0.359810 0.262047 0.363493 0.550389 0.690155 0.552937 0.645968 0.266245 0.674489 0.265654 0.702164 0.552688 0.553918 0.550389 0.550234 0.262047 0.578650 0.259535 0.565882 0.549331 0.375459 0.549331 0.388226 0.259535 0.454251 0.265191 0.417545 0.552937 0.511740 0.552688 0.484065 0.265654 0.550234 0.262047 0.553918 0.550389 0.744342 0.550389 0.740658 0.262047 0.769074 0.259535 0.756306 0.549331 
						0.571284 0.627593 0.718011 0.627593 0.718011 0.664275 0.571284 0.664275 0.571284 0.700956 0.718011 0.700956 0.718011 0.737638 0.571284 0.737638 0.571284 0.737638 0.718011 0.737638 0.718011 0.774319 0.571284 0.774319 0.265121 0.887049 0.303236 0.848933 0.357140 0.848933 0.395256 0.887049 0.395256 0.940953 0.357140 0.979068 0.303236 0.979068 0.265121 0.940953 0.667794 0.130782 0.721698 0.130782 0.759813 0.092666 0.759813 0.038762 0.721698 0.000647 0.667794 0.000647 0.629678 0.038762 0.629678 0.092666 0.571284 0.664275 0.718011 0.664275 0.718011 0.700956 0.571284 0.700956 0.571284 0.811001 0.718011 0.811001 0.718011 0.847683 0.571284 0.847683 0.571284 0.774319 0.718011 0.774319 0.718011 0.811001 0.571284 0.811001 0.571284 0.554230 0.718011 0.554230 0.718011 0.590911 0.571284 0.590911 0.571284 0.590911 0.718011 0.590911 0.718011 0.627593 0.571284 0.627593 0.308053 0.095098 0.301613 0.077925 0.370305 0.052166 0.376745 0.069339 0.333813 0.163790 0.327373 0.146617 0.396065 0.120858 0.402505 0.138031 0.359572 0.232483 0.353132 0.215310 0.421825 0.189550 0.428264 0.206723 0.209411 0.482138 0.191070 0.482138 0.191070 0.408775 0.209411 0.408775 
						0.342399 0.238922 0.335959 0.221749 0.353132 0.215310 0.359572 0.232483 0.479784 0.187403 0.473344 0.170230 0.490517 0.163790 0.496957 0.180963 0.274982 0.790661 0.412110 0.790660 0.412110 0.835559 0.274982 0.835559 0.412110 0.691726 0.412110 0.556739 0.414620 0.554230 0.417209 0.555936 0.418944 0.561083 0.421572 0.605904 0.421971 0.650726 0.421007 0.693519 0.418932 0.695548 0.415933 0.695548 0.274982 0.840990 0.274982 0.835559 0.412110 0.835559 0.412110 0.840990 0.412110 0.844091 0.274982 0.844091 0.274982 0.840990 0.412110 0.840990 0.412110 0.844091 0.412110 0.847640 0.274982 0.847640 0.274982 0.844091 0.274982 0.556739 0.274982 0.691726 0.271159 0.695548 0.268160 0.695548 0.266085 0.693519 0.265121 0.650726 0.265520 0.605904 0.268148 0.561083 0.269883 0.555936 0.272472 0.554230 0.274982 0.556739 0.412110 0.556739 0.412110 0.691726 0.274982 0.691726 0.274982 0.745837 0.412110 0.745837 0.412110 0.790660 0.274982 0.790661 0.412110 0.700131 0.412110 0.703033 0.274982 0.703033 0.274982 0.700131 0.274982 0.703033 0.412110 0.703033 0.412110 0.745837 0.274982 0.745837 0.274982 0.697132 0.274982 0.691726 0.412110 0.691726 0.412110 0.697132 
						0.274982 0.697132 0.412110 0.697132 0.412110 0.700131 0.274982 0.700131 0.460464 0.135884 0.454024 0.118711 0.471197 0.112271 0.477637 0.129444 0.466904 0.153057 0.484077 0.146617 0.323080 0.187403 0.316640 0.170230 0.333813 0.163790 0.340253 0.180963 0.329519 0.204576 0.346693 0.198136 0.340253 0.180963 0.333813 0.163790 0.402505 0.138031 0.408945 0.155204 0.346693 0.198136 0.340253 0.180963 0.408945 0.155204 0.408945 0.155204 0.415385 0.172377 0.415385 0.172377 0.288734 0.043579 0.282294 0.026406 0.350986 0.000647 0.357426 0.017820 0.295173 0.060752 0.363866 0.034993 0.284440 0.241069 0.278000 0.223896 0.295173 0.217456 0.301613 0.234629 0.312346 0.211016 0.318786 0.228189 0.271560 0.206723 0.288734 0.200283 0.305907 0.193843 0.265121 0.189550 0.282294 0.183110 0.299467 0.176670 0.421825 0.189550 0.432558 0.165937 0.438998 0.183110 0.449731 0.159497 0.456171 0.176670 0.426118 0.148764 0.443291 0.142324 0.402505 0.138031 0.419678 0.131591 0.436851 0.125151 0.428264 0.206723 0.445437 0.200283 0.462611 0.193843 0.290880 0.258242 0.308053 0.251802 0.325226 0.245362 0.366012 0.249656 0.359572 0.232483 0.428264 0.206723 0.434704 0.223896 
						0.366012 0.249656 0.366012 0.249656 0.434704 0.223896 0.434704 0.223896 0.191070 0.408775 0.191070 0.408775 0.191070 0.482138 0.191070 0.482138 0.314493 0.112271 0.308053 0.095098 0.376745 0.069339 0.383185 0.086512 0.299467 0.176670 0.282294 0.183110 0.314493 0.112271 0.314493 0.112271 0.383185 0.086512 0.383185 0.086512 0.346693 0.198136 0.346693 0.198136 0.340253 0.180963 0.340253 0.180963 0.415385 0.172377 0.415385 0.172377 0.421825 0.189550 0.421825 0.189550 0.421825 0.189550 0.421825 0.189550 0.421825 0.189550 0.353132 0.215310 0.353132 0.215310 0.340253 0.180963 0.340253 0.180963 0.408945 0.155204 0.408945 0.155204 0.353132 0.215310 0.408945 0.155204 0.408945 0.155204 0.415385 0.172377 0.415385 0.172377 0.340253 0.180963 0.340253 0.180963 0.408945 0.155204 0.408945 0.155204 0.421825 0.189550 0.353132 0.215310 0.408945 0.155204 0.408945 0.155204 0.353132 0.215310 0.353132 0.215310 0.346693 0.198136 0.346693 0.198136 0.340253 0.180963 0.340253 0.180963 0.415385 0.172377 0.415385 0.172377 0.421825 0.189550 0.421825 0.189550 0.353132 0.215310 0.353132 0.215310 0.346693 0.198136 0.346693 0.198136 0.421825 0.189550 0.421825 0.189550 
						0.340253 0.180963 0.340253 0.180963 0.421825 0.189550 0.353132 0.215310 0.353132 0.215310 0.353132 0.215310 0.346693 0.198136 0.346693 0.198136 0.408945 0.155204 0.408945 0.155204 0.415385 0.172377 0.415385 0.172377 0.421825 0.189550 0.353132 0.215310 0.340253 0.180963 0.408945 0.155204 0.408945 0.155204 0.408945 0.155204 0.353132 0.215310 0.353132 0.215310 0.346693 0.198136 0.340253 0.180963 0.340253 0.180963 0.415385 0.172377 0.421825 0.189550 0.421825 0.189550 0.421825 0.189550 0.340253 0.180963 0.421825 0.189550 0.353132 0.215310 0.340253 0.180963 0.408945 0.155204 0.299467 0.176670 0.282294 0.183110 0.445437 0.200283 0.462611 0.193843 0.325226 0.245362 0.342399 0.238922 0.479784 0.187403 0.308053 0.251802 0.314493 0.112271 0.383185 0.086512 0.436851 0.125151 0.419678 0.131591 0.316640 0.170230 0.396065 0.120858 0.396065 0.120858 0.327373 0.146617 0.327373 0.146617 0.454024 0.118711 0.396065 0.120858 0.396065 0.120858 0.327373 0.146617 0.327373 0.146617 0.454024 0.118711 0.454024 0.118711 0.436851 0.125151 0.436851 0.125151 0.454024 0.118711 0.436851 0.125151 0.419678 0.131591 0.316640 0.170230 0.396065 0.120858 0.327373 0.146617 
						0.299467 0.176670 0.299467 0.176670 0.282294 0.183110 0.282294 0.183110 0.419678 0.131591 0.419678 0.131591 0.316640 0.170230 0.316640 0.170230 0.299467 0.176670 0.299467 0.176670 0.314493 0.112271 0.383185 0.086512 0.282294 0.183110 0.282294 0.183110 0.314493 0.112271 0.314493 0.112271 0.383185 0.086512 0.383185 0.086512 0.396065 0.120858 0.327373 0.146617 0.454024 0.118711 0.454024 0.118711 0.436851 0.125151 0.436851 0.125151 0.316640 0.170230 0.316640 0.170230 0.419678 0.131591 0.419678 0.131591 0.299467 0.176670 0.299467 0.176670 0.282294 0.183110 0.282294 0.183110 0.436851 0.125151 0.436851 0.125151 0.419678 0.131591 0.419678 0.131591 0.454024 0.118711 0.454024 0.118711 0.436851 0.125151 0.436851 0.125151 0.316640 0.170230 0.316640 0.170230 0.299467 0.176670 0.299467 0.176670 0.419678 0.131591 0.419678 0.131591 0.282294 0.183110 0.282294 0.183110 0.454024 0.118711 0.454024 0.118711 0.436851 0.125151 0.436851 0.125151 0.314493 0.112271 0.314493 0.112271 0.383185 0.086512 0.383185 0.086512 0.396065 0.120858 0.327373 0.146617 0.454024 0.118711 0.454024 0.118711 0.316640 0.170230 0.316640 0.170230 0.320933 0.129444 0.314493 0.112271 
						0.383185 0.086512 0.389625 0.103685 0.327373 0.146617 0.396065 0.120858 0.316640 0.170230 0.316640 0.170230 0.299467 0.176670 0.299467 0.176670 0.419678 0.131591 0.419678 0.131591 0.282294 0.183110 0.282294 0.183110 0.396065 0.120858 0.327373 0.146617 0.256124 0.851512 0.256124 0.851512 0.256124 0.924875 0.256124 0.924875 0.454024 0.118711 0.454024 0.118711 0.436851 0.125151 0.436851 0.125151 0.256124 0.851512 0.256124 0.924875 0.299467 0.176670 0.299467 0.176670 0.282294 0.183110 0.282294 0.183110 0.419678 0.131591 0.419678 0.131591 0.316640 0.170230 0.316640 0.170230 0.299467 0.176670 0.299467 0.176670 0.219443 0.924875 0.219443 0.924875 0.219443 0.851512 0.219443 0.851512 0.282294 0.183110 0.282294 0.183110 0.219443 0.924875 0.219443 0.924875 0.219443 0.851512 0.219443 0.851512 0.256124 0.851512 0.256124 0.924875 0.454024 0.118711 0.454024 0.118711 0.436851 0.125151 0.436851 0.125151 0.316640 0.170230 0.316640 0.170230 0.419678 0.131591 0.419678 0.131591 0.299467 0.176670 0.299467 0.176670 0.282294 0.183110 0.282294 0.183110 0.436851 0.125151 0.436851 0.125151 0.419678 0.131591 0.419678 0.131591 0.454024 0.118711 0.454024 0.118711 
						0.436851 0.125151 0.436851 0.125151 0.316640 0.170230 0.316640 0.170230 0.299467 0.176670 0.299467 0.176670 0.419678 0.131591 0.419678 0.131591 0.282294 0.183110 0.282294 0.183110 0.454024 0.118711 0.454024 0.118711 0.436851 0.125151 0.436851 0.125151 0.219443 0.924875 0.219443 0.924875 0.219443 0.851512 0.219443 0.851512 0.256124 0.851512 0.256124 0.924875 0.454024 0.118711 0.454024 0.118711 0.316640 0.170230 0.316640 0.170230 0.237784 0.924875 0.219443 0.924875 0.219443 0.851512 0.237784 0.851512 0.256124 0.924875 0.256124 0.851512 0.316640 0.170230 0.316640 0.170230 0.299467 0.176670 0.299467 0.176670 0.419678 0.131591 0.419678 0.131591 0.282294 0.183110 0.282294 0.183110 0.256124 0.851512 0.256124 0.924875 0.308053 0.251802 0.325226 0.245362 0.299467 0.176670 0.299467 0.176670 0.316640 0.170230 0.308053 0.251802 0.325226 0.245362 0.342399 0.238922 0.282294 0.183110 0.282294 0.183110 0.299467 0.176670 0.325226 0.245362 0.447584 0.258242 0.308053 0.251802 0.316640 0.170230 0.396065 0.120858 0.462611 0.193843 0.447584 0.258242 0.396065 0.120858 0.436851 0.125151 0.445437 0.200283 0.462611 0.193843 0.436851 0.125151 0.436851 0.125151 
						0.454024 0.118711 0.445437 0.200283 0.282294 0.183110 0.342399 0.238922 0.445437 0.200283 0.383185 0.086512 0.178850 0.037167 0.175995 0.147210 0.139420 0.147247 0.142064 0.036619 0.014075 0.255361 0.118432 0.257519 0.120203 0.265746 0.118709 0.274165 0.114613 0.279744 0.079675 0.292919 0.044985 0.294044 0.028537 0.289201 0.012089 0.284359 0.010660 0.277556 0.010862 0.267771 0.129741 0.147257 0.139420 0.147247 0.142294 0.257868 0.135417 0.257870 0.126866 0.257719 0.123651 0.147264 0.129741 0.147257 0.135417 0.257870 0.123651 0.147264 0.118837 0.147269 0.118202 0.037019 0.126637 0.036801 0.118202 0.037019 0.013850 0.039394 0.010612 0.026991 0.010389 0.017206 0.011803 0.010401 0.028241 0.005524 0.044680 0.000647 0.079371 0.001700 0.114337 0.014802 0.118445 0.020372 0.119956 0.028787 0.118202 0.037019 0.118837 0.147269 0.014099 0.147378 0.013850 0.039394 0.213050 0.038425 0.211177 0.147174 0.175995 0.147210 0.178850 0.037167 0.252027 0.147134 0.244388 0.147134 0.247208 0.040026 0.254110 0.040037 0.230057 0.039410 0.227811 0.148488 0.211177 0.147174 0.213050 0.038425 0.000647 0.147392 0.014099 0.147378 0.014075 0.255361 0.001253 0.255303 
						0.263828 0.040005 0.263540 0.147134 0.252027 0.147134 0.254110 0.040037 0.263540 0.147134 0.263828 0.254269 0.254109 0.254237 0.252027 0.147134 0.001029 0.039479 0.013850 0.039394 0.014099 0.147378 0.000647 0.147392 0.227811 0.148488 0.230240 0.255073 0.213274 0.255914 0.211177 0.147174 0.254109 0.254237 0.247207 0.254247 0.244388 0.147134 0.252027 0.147134 0.211177 0.147174 0.213274 0.255914 0.179078 0.257244 0.175995 0.147210 0.118837 0.147269 0.118432 0.257519 0.014075 0.255361 0.014099 0.147378 0.126866 0.257719 0.118432 0.257519 0.118837 0.147269 0.123651 0.147264 0.123651 0.147264 0.126637 0.036801 0.135187 0.036632 0.129741 0.147257 0.135187 0.036632 0.142064 0.036619 0.139420 0.147247 0.129741 0.147257 0.175995 0.147210 0.179078 0.257244 0.142294 0.257868 0.139420 0.147247 0.244388 0.147134 0.247207 0.254247 0.230240 0.255073 0.227811 0.148488 0.247208 0.040026 0.244388 0.147134 0.227811 0.148488 0.230057 0.039410 0.346693 0.198136 0.340253 0.180963 0.408945 0.155204 0.415385 0.172377 0.353132 0.215310 0.421825 0.189550 0.421825 0.189550 0.353132 0.215310 0.340253 0.180963 0.408945 0.155204 0.408945 0.155204 0.353132 0.215310 
						0.403491 0.848933 0.405810 0.981816 0.401987 0.973626 0.398901 0.951121 0.397378 0.920331 0.396549 0.872852 0.398410 0.855992 0.959074 0.990071 0.956755 0.857185 0.962078 0.864062 0.964527 0.880847 0.965356 0.928328 0.964908 0.959153 0.962608 0.981752 0.219443 0.409116 0.238934 0.409115 0.238937 0.553959 0.219446 0.553960 0.414045 0.848933 0.416364 0.981816 0.412541 0.973626 0.409455 0.951121 0.407932 0.920331 0.407103 0.872852 0.408964 0.855992 0.219445 0.667597 0.219445 0.634006 0.238933 0.634005 0.238934 0.667597 0.219446 0.692350 0.219445 0.667597 0.238934 0.667597 0.238934 0.692350 0.219446 0.702199 0.219446 0.692350 0.238934 0.692350 0.238934 0.702199 0.219443 0.582261 0.238932 0.582260 0.238933 0.634005 0.219445 0.634006 0.238931 0.563777 0.238932 0.582260 0.219443 0.582261 0.219443 0.563777 0.238931 0.554299 0.238931 0.563777 0.219443 0.563777 0.219443 0.554300 0.211353 0.852888 0.213673 0.985775 0.208349 0.978898 0.205900 0.962112 0.205071 0.914632 0.205519 0.883807 0.207819 0.861208 0.240230 0.409116 0.259721 0.409115 0.259724 0.553959 0.240233 0.553960 0.240233 0.667597 0.240232 0.634006 0.259720 0.634005 0.259721 0.667597 
						0.240233 0.692350 0.240233 0.667597 0.259721 0.667597 0.259721 0.692350 0.240233 0.702199 0.240233 0.692350 0.259721 0.692350 0.259722 0.702199 0.240231 0.582261 0.259719 0.582260 0.259720 0.634005 0.240232 0.634006 0.259718 0.563777 0.259719 0.582260 0.240231 0.582261 0.240230 0.563777 0.259718 0.554299 0.259718 0.563777 0.240230 0.563777 0.240230 0.554300 0.194310 0.866993 0.186134 0.866993 0.186134 0.852888 0.194310 0.852888 0.194310 0.999353 0.186134 0.999353 0.186134 0.985249 0.194310 0.985249 0.932111 0.870719 0.932111 0.890752 0.924349 0.909220 0.916750 0.913432 0.911377 0.906605 0.911377 0.886572 0.919140 0.868104 0.926738 0.863892 0.194310 0.926121 0.186134 0.926121 0.186134 0.912017 0.194310 0.912017 0.194310 0.940225 0.186134 0.940225 0.186134 0.926121 0.194310 0.926121 0.194310 0.912017 0.186134 0.912017 0.186134 0.889505 0.194310 0.889505 0.194310 0.962737 0.186134 0.962737 0.186134 0.940225 0.194310 0.940225 0.194310 0.985249 0.186134 0.985249 0.186134 0.962737 0.194310 0.962737 0.704758 0.155760 0.698794 0.148965 0.717124 0.135897 0.721070 0.144131 0.721070 0.144131 0.717124 0.135897 0.730701 0.132075 0.729433 0.141777 
						0.729433 0.215051 0.730701 0.224753 0.717124 0.220931 0.721070 0.212697 0.721070 0.212697 0.717124 0.220931 0.698794 0.207862 0.704758 0.201068 0.704758 0.201068 0.698794 0.207862 0.683460 0.191380 0.691113 0.186401 0.691113 0.186401 0.683460 0.191380 0.677910 0.178414 0.687694 0.178414 0.687694 0.178414 0.677910 0.178414 0.683460 0.165447 0.691113 0.170427 0.691113 0.170427 0.683460 0.165447 0.698794 0.148965 0.704758 0.155760 0.115632 0.871377 0.115006 0.890581 0.106979 0.907103 0.100530 0.910319 0.096247 0.904417 0.095959 0.886067 0.103528 0.868516 0.110950 0.864022 0.125378 0.893196 0.115006 0.890581 0.115632 0.871377 0.125378 0.868405 0.125378 0.868405 0.115632 0.871377 0.110950 0.864022 0.117905 0.855012 0.108662 0.852888 0.110950 0.864022 0.103528 0.868516 0.096084 0.861625 0.096084 0.861625 0.103528 0.868516 0.095959 0.886067 0.085511 0.884007 0.085511 0.884007 0.095959 0.886067 0.096247 0.904417 0.087076 0.908747 0.087076 0.908747 0.096247 0.904417 0.100530 0.910319 0.098108 0.920349 0.098108 0.920349 0.100530 0.910319 0.106979 0.907103 0.113235 0.915066 0.113235 0.915066 0.106979 0.907103 0.115006 0.890581 0.125378 0.893196 
						0.194310 0.889505 0.186134 0.889505 0.186134 0.866993 0.194310 0.866993 0.203778 0.866993 0.195603 0.866993 0.195603 0.852889 0.203778 0.852889 0.203778 0.999353 0.195603 0.999353 0.195603 0.985249 0.203778 0.985249 0.136771 0.904413 0.136454 0.885725 0.144151 0.867975 0.151896 0.863305 0.156782 0.870979 0.156188 0.890433 0.148028 0.907239 0.141261 0.910610 0.203778 0.926121 0.195603 0.926121 0.195603 0.912017 0.203778 0.912017 0.203778 0.940225 0.195603 0.940225 0.195603 0.926121 0.203778 0.926121 0.203778 0.912017 0.195603 0.912017 0.195603 0.889505 0.203778 0.889505 0.203778 0.962737 0.195603 0.962737 0.195603 0.940225 0.203778 0.940225 0.203778 0.985249 0.195603 0.985249 0.195603 0.962737 0.203778 0.962737 0.136454 0.885725 0.126671 0.883776 0.137207 0.861505 0.144151 0.867975 0.144151 0.867975 0.137207 0.861505 0.149853 0.852888 0.151896 0.863305 0.151896 0.863305 0.158340 0.854840 0.165904 0.868181 0.156782 0.870979 0.156782 0.870979 0.165904 0.868181 0.165904 0.892858 0.156188 0.890433 0.156188 0.890433 0.165904 0.892858 0.153969 0.914715 0.148028 0.907239 0.148028 0.907239 0.153969 0.914715 0.138985 0.920032 0.141261 0.910610 
						0.141261 0.910610 0.138985 0.920032 0.128096 0.908464 0.136771 0.904413 0.136771 0.904413 0.128096 0.908464 0.126671 0.883776 0.136454 0.885725 0.949675 0.161993 0.949675 0.181853 0.941980 0.200162 0.934713 0.204190 0.929574 0.197660 0.929574 0.177800 0.937269 0.159492 0.944537 0.155464 0.752878 0.207862 0.759259 0.200593 0.775430 0.212121 0.771208 0.220930 0.771208 0.220930 0.775430 0.212121 0.783428 0.214373 0.784785 0.224752 0.784785 0.132075 0.783428 0.142454 0.775430 0.144706 0.771209 0.135897 0.771209 0.135897 0.775430 0.144706 0.759259 0.156235 0.752878 0.148965 0.752878 0.148965 0.759259 0.156235 0.745731 0.170775 0.737544 0.165447 0.737544 0.165447 0.745731 0.170775 0.742462 0.178414 0.731994 0.178414 0.731994 0.178414 0.742462 0.178414 0.745731 0.186053 0.737544 0.191380 0.737544 0.191380 0.745731 0.186053 0.759259 0.200593 0.752878 0.207862 0.203778 0.889505 0.195603 0.889505 0.195603 0.866993 0.203778 0.866993 0.981966 0.204523 0.996061 0.204523 0.996061 0.228839 0.981966 0.228839 0.981966 0.228839 0.996061 0.228839 0.996061 0.253155 0.981966 0.253155 0.914898 0.162725 0.928280 0.194564 0.928280 0.229101 0.919018 0.240871 
						0.905917 0.233610 0.892535 0.201771 0.892535 0.167234 0.901798 0.155464 0.981966 0.102585 0.996061 0.102585 0.996061 0.126901 0.981966 0.126901 0.981966 0.078269 0.996061 0.078269 0.996061 0.102585 0.981966 0.102585 0.981966 0.126901 0.996061 0.126901 0.996061 0.165712 0.981966 0.165712 0.981966 0.039458 0.996061 0.039458 0.996061 0.078269 0.981966 0.078269 0.981966 0.000647 0.996061 0.000647 0.996061 0.039458 0.981966 0.039458 0.925813 0.052508 0.912625 0.044199 0.936522 0.013616 0.947078 0.025293 0.947078 0.025293 0.936522 0.013616 0.957090 0.000647 0.959747 0.017304 0.959747 0.017304 0.957090 0.000647 0.980673 0.006574 0.974273 0.020955 0.980673 0.138628 0.978185 0.154171 0.941483 0.141552 0.948012 0.127398 0.948012 0.127398 0.941483 0.141552 0.908062 0.121821 0.918271 0.109840 0.918271 0.109840 0.908062 0.121821 0.892535 0.103108 0.908708 0.098314 0.908708 0.098314 0.892535 0.103108 0.895355 0.078955 0.910445 0.083437 0.910445 0.083437 0.895355 0.078955 0.912625 0.044199 0.925813 0.052508 0.812926 0.921723 0.812926 0.887484 0.826193 0.855920 0.838722 0.848976 0.847582 0.860233 0.847582 0.894471 0.834315 0.926035 0.821786 0.932980 
						0.887492 0.664288 0.901589 0.655380 0.922706 0.682332 0.911429 0.694839 0.911429 0.694839 0.922706 0.682332 0.934833 0.689956 0.932014 0.707781 0.932014 0.707781 0.934833 0.689956 0.948722 0.686446 0.955589 0.701823 0.952906 0.554230 0.955589 0.570855 0.923226 0.582031 0.916220 0.566898 0.916220 0.566898 0.923226 0.582031 0.893765 0.599476 0.882825 0.586672 0.882825 0.586672 0.893765 0.599476 0.884632 0.610512 0.867323 0.605406 0.867323 0.605406 0.884632 0.610512 0.886313 0.624739 0.870176 0.629555 0.870176 0.629555 0.886313 0.624739 0.901589 0.655380 0.887492 0.664288 0.981966 0.165712 0.996061 0.165712 0.996061 0.204523 0.981966 0.204523 0.981915 0.308168 0.967821 0.308168 0.967820 0.283852 0.981915 0.283852 0.981915 0.283852 0.967820 0.283852 0.967821 0.259535 0.981915 0.259535 0.775887 0.922613 0.775887 0.888076 0.789270 0.856236 0.802370 0.848976 0.811633 0.860745 0.811633 0.895283 0.798250 0.927122 0.785151 0.934382 0.981915 0.410106 0.967821 0.410106 0.967821 0.385790 0.981915 0.385790 0.981915 0.434422 0.967820 0.434422 0.967821 0.410106 0.981915 0.410106 0.981915 0.385790 0.967821 0.385790 0.967821 0.346979 0.981915 0.346979 
						0.981915 0.473233 0.967820 0.473234 0.967820 0.434422 0.981915 0.434422 0.981915 0.512044 0.967820 0.512044 0.967820 0.473234 0.981915 0.473233 0.900602 0.760935 0.887414 0.752626 0.911310 0.722044 0.921867 0.733721 0.921867 0.733721 0.911310 0.722044 0.931879 0.709074 0.934536 0.725732 0.934536 0.725732 0.931879 0.709074 0.955461 0.715001 0.949062 0.729383 0.955461 0.847056 0.952973 0.862599 0.916271 0.849979 0.922801 0.835826 0.922801 0.835826 0.916271 0.849979 0.882850 0.830249 0.893060 0.818268 0.893060 0.818268 0.882850 0.830249 0.867323 0.811535 0.883496 0.806741 0.883496 0.806741 0.867323 0.811535 0.870144 0.787383 0.885233 0.791865 0.885233 0.791865 0.870144 0.787383 0.887414 0.752626 0.900602 0.760935 0.242855 0.323570 0.241804 0.356390 0.227975 0.384755 0.216884 0.390274 0.209550 0.380101 0.208780 0.348389 0.222522 0.316163 0.236546 0.312140 0.259724 0.360918 0.241804 0.356390 0.242855 0.323570 0.259724 0.317881 0.259724 0.317881 0.242855 0.323570 0.236546 0.312140 0.244229 0.295337 0.244229 0.295337 0.236546 0.312140 0.222522 0.316163 0.216216 0.297730 0.207074 0.306423 0.222522 0.316163 0.208780 0.348389 0.191070 0.345348 
						0.191070 0.345348 0.208780 0.348389 0.209550 0.380101 0.193829 0.387592 0.193829 0.387592 0.209550 0.380101 0.216884 0.390274 0.212705 0.407482 0.212705 0.407482 0.216884 0.390274 0.227975 0.384755 0.238702 0.398509 0.238702 0.398509 0.227975 0.384755 0.241804 0.356390 0.259724 0.360918 0.981915 0.346979 0.967821 0.346979 0.967821 0.308168 0.981915 0.308168 0.176666 0.926121 0.184841 0.926121 0.184841 0.940225 0.176666 0.940225 0.176666 0.940225 0.184841 0.940225 0.184841 0.954329 0.176665 0.954329 0.211804 0.490258 0.211804 0.510291 0.204042 0.528759 0.196443 0.532971 0.191070 0.526144 0.191070 0.506111 0.198833 0.487643 0.206431 0.483432 0.176666 0.866993 0.184841 0.866993 0.184841 0.881097 0.176666 0.881097 0.176666 0.852888 0.184841 0.852888 0.184841 0.866993 0.176666 0.866993 0.176666 0.881097 0.184841 0.881097 0.184841 0.903609 0.176666 0.903609 0.176666 0.976841 0.184841 0.976841 0.184841 0.999353 0.176666 0.999353 0.176665 0.954329 0.184841 0.954329 0.184841 0.976841 0.176666 0.976841 0.585524 0.907945 0.577874 0.912765 0.567857 0.892604 0.576609 0.890005 0.576609 0.890005 0.567857 0.892604 0.566221 0.878595 0.575602 0.881376 
						0.575602 0.881376 0.566221 0.878595 0.575227 0.867741 0.581149 0.874690 0.581149 0.874690 0.575227 0.867741 0.594613 0.856296 0.598400 0.864506 0.598400 0.864506 0.594613 0.856296 0.615901 0.848976 0.617344 0.857992 0.613632 0.926247 0.617344 0.934588 0.603665 0.938027 0.605207 0.928364 0.605207 0.928364 0.603665 0.938027 0.591735 0.930503 0.597858 0.923731 0.597858 0.923731 0.591735 0.930503 0.577874 0.912765 0.585524 0.907945 0.063538 0.891240 0.063538 0.911100 0.055843 0.929408 0.048575 0.933436 0.043437 0.926907 0.043436 0.907047 0.051132 0.888739 0.058399 0.884711 0.797777 0.157303 0.805954 0.162469 0.797093 0.180243 0.787732 0.177449 0.787732 0.177449 0.797093 0.180243 0.796118 0.188495 0.786078 0.191456 0.786078 0.191456 0.796118 0.188495 0.801415 0.194897 0.795070 0.202323 0.795070 0.202323 0.801415 0.194897 0.818504 0.205015 0.814440 0.213793 0.814440 0.213793 0.818504 0.205015 0.837276 0.211498 0.835719 0.221141 0.837276 0.135531 0.833293 0.144450 0.825237 0.142414 0.823602 0.132075 0.823602 0.132075 0.825237 0.142414 0.818202 0.146837 0.811661 0.139582 0.811661 0.139582 0.818202 0.146837 0.805954 0.162469 0.797777 0.157303 
						0.176666 0.903609 0.184841 0.903609 0.184841 0.926121 0.176666 0.926121 0.175372 0.926121 0.167197 0.926121 0.167197 0.912017 0.175372 0.912017 0.175372 0.912017 0.167197 0.912017 0.167197 0.897912 0.175372 0.897912 0.875086 0.909220 0.867323 0.890752 0.867323 0.870719 0.872696 0.863892 0.880295 0.868104 0.888057 0.886572 0.888057 0.906605 0.882684 0.913432 0.175372 0.985249 0.167197 0.985249 0.167197 0.971144 0.175372 0.971144 0.175372 0.999353 0.167197 0.999353 0.167197 0.985249 0.175372 0.985249 0.175372 0.971144 0.167197 0.971144 0.167197 0.948633 0.175372 0.948633 0.175372 0.875400 0.167197 0.875400 0.167197 0.852889 0.175372 0.852889 0.175372 0.897912 0.167197 0.897912 0.167197 0.875400 0.175372 0.875400 0.637941 0.907945 0.630291 0.912764 0.620274 0.892604 0.629026 0.890005 0.629026 0.890005 0.620274 0.892604 0.618638 0.878595 0.628019 0.881376 0.628019 0.881376 0.618638 0.878595 0.627644 0.867740 0.633566 0.874690 0.633566 0.874690 0.627644 0.867740 0.647029 0.856296 0.650817 0.864505 0.650817 0.864505 0.647029 0.856296 0.668318 0.848976 0.669761 0.857992 0.666049 0.926247 0.669761 0.934588 0.656082 0.938026 0.657624 0.928364 
						0.657624 0.928364 0.656082 0.938026 0.644152 0.930503 0.650275 0.923730 0.650275 0.923730 0.644152 0.930503 0.630291 0.912764 0.637941 0.907945 0.013053 0.888739 0.020748 0.907047 0.020748 0.926907 0.015610 0.933436 0.008342 0.929408 0.000647 0.911100 0.000647 0.891241 0.005785 0.884711 0.850268 0.157303 0.858445 0.162470 0.849584 0.180243 0.840224 0.177450 0.840224 0.177450 0.849584 0.180243 0.848609 0.188495 0.838569 0.191457 0.838569 0.191457 0.848609 0.188495 0.853906 0.194897 0.847561 0.202323 0.847561 0.202323 0.853906 0.194897 0.870995 0.205015 0.866931 0.213793 0.866931 0.213793 0.870995 0.205015 0.889767 0.211497 0.888210 0.221141 0.889767 0.135531 0.885784 0.144450 0.877728 0.142414 0.876093 0.132075 0.876093 0.132075 0.877728 0.142414 0.870693 0.146837 0.864152 0.139582 0.864152 0.139582 0.870693 0.146837 0.858445 0.162470 0.850268 0.157303 0.175372 0.948633 0.167197 0.948633 0.167197 0.926121 0.175372 0.926121 0.983209 0.332768 0.991384 0.332768 0.991384 0.346872 0.983209 0.346872 0.983209 0.346872 0.991384 0.346872 0.991384 0.360977 0.983209 0.360977 0.198833 0.579591 0.191070 0.561124 0.191070 0.541091 0.196443 0.534264 
						0.204042 0.538475 0.211804 0.556943 0.211804 0.576976 0.206431 0.583803 0.983209 0.273640 0.991384 0.273640 0.991384 0.287744 0.983209 0.287744 0.983209 0.259535 0.991385 0.259535 0.991384 0.273640 0.983209 0.273640 0.983209 0.287744 0.991384 0.287744 0.991384 0.310256 0.983209 0.310256 0.983209 0.383489 0.991384 0.383488 0.991385 0.406000 0.983209 0.406000 0.983209 0.360977 0.991384 0.360977 0.991384 0.383488 0.983209 0.383489 0.690357 0.907945 0.682707 0.912764 0.672690 0.892604 0.681443 0.890005 0.681443 0.890005 0.672690 0.892604 0.671054 0.878595 0.680435 0.881376 0.680435 0.881376 0.671054 0.878595 0.680060 0.867740 0.685982 0.874690 0.685982 0.874690 0.680060 0.867740 0.699446 0.856296 0.703233 0.864505 0.703233 0.864505 0.699446 0.856296 0.720735 0.848976 0.722178 0.857991 0.718466 0.926247 0.722178 0.934589 0.708499 0.938026 0.710040 0.928364 0.710040 0.928364 0.708499 0.938026 0.696568 0.930503 0.702691 0.923730 0.702691 0.923730 0.696568 0.930503 0.682707 0.912764 0.690357 0.907945 0.949675 0.212012 0.949675 0.231872 0.941980 0.250180 0.934713 0.254208 0.929574 0.247679 0.929574 0.227819 0.937269 0.209511 0.944537 0.205483 
						0.525429 0.874203 0.533606 0.879370 0.524745 0.897144 0.515385 0.894350 0.515385 0.894350 0.524745 0.897144 0.523770 0.905396 0.513730 0.908357 0.513730 0.908357 0.523770 0.905396 0.529067 0.911797 0.522722 0.919224 0.522722 0.919224 0.529067 0.911797 0.546156 0.921916 0.542092 0.930694 0.542092 0.930694 0.546156 0.921916 0.564928 0.928398 0.563371 0.938042 0.564928 0.852432 0.560945 0.861351 0.552889 0.859315 0.551254 0.848976 0.551254 0.848976 0.552889 0.859315 0.545854 0.863738 0.539313 0.856483 0.539313 0.856483 0.545854 0.863738 0.533606 0.879370 0.525429 0.874203 0.983209 0.310256 0.991384 0.310256 0.991384 0.332768 0.983209 0.332768 0.857051 0.922208 0.848875 0.922208 0.848875 0.908104 0.857051 0.908104 0.857051 0.908104 0.848875 0.908104 0.848875 0.894000 0.857051 0.894000 0.889350 0.906605 0.889350 0.886572 0.897113 0.868104 0.904711 0.863892 0.910084 0.870719 0.910084 0.890752 0.902322 0.909220 0.894723 0.913432 0.857051 0.981337 0.848875 0.981337 0.848875 0.967232 0.857051 0.967232 0.857051 0.995441 0.848875 0.995441 0.848875 0.981337 0.857051 0.981337 0.857051 0.967232 0.848875 0.967232 0.848875 0.944720 0.857051 0.944720 
						0.857051 0.871488 0.848875 0.871488 0.848875 0.848976 0.857051 0.848976 0.857051 0.894000 0.848875 0.894000 0.848875 0.871488 0.857051 0.871488 0.742774 0.907945 0.735124 0.912764 0.725107 0.892604 0.733859 0.890005 0.733859 0.890005 0.725107 0.892604 0.723471 0.878595 0.732852 0.881376 0.732852 0.881376 0.723471 0.878595 0.732477 0.867740 0.738399 0.874690 0.738399 0.874690 0.732477 0.867740 0.751863 0.856296 0.755650 0.864505 0.755650 0.864505 0.751863 0.856296 0.773151 0.848976 0.774594 0.857992 0.770882 0.926247 0.774594 0.934588 0.760915 0.938026 0.762457 0.928364 0.762457 0.928364 0.760915 0.938026 0.748985 0.930503 0.755108 0.923730 0.755108 0.923730 0.748985 0.930503 0.735124 0.912764 0.742774 0.907945 0.022042 0.926907 0.022041 0.907047 0.029737 0.888739 0.037004 0.884711 0.042143 0.891240 0.042143 0.911100 0.034448 0.929408 0.027180 0.933436 0.472938 0.874203 0.481115 0.879370 0.472254 0.897144 0.462894 0.894350 0.462894 0.894350 0.472254 0.897144 0.471279 0.905396 0.461239 0.908357 0.461239 0.908357 0.471279 0.905396 0.476576 0.911797 0.470231 0.919224 0.470231 0.919224 0.476576 0.911797 0.493665 0.921916 0.489602 0.930694 
						0.489602 0.930694 0.493665 0.921916 0.512437 0.928398 0.510881 0.938042 0.512437 0.852432 0.508454 0.861351 0.500398 0.859315 0.498763 0.848976 0.498763 0.848976 0.500398 0.859315 0.493363 0.863738 0.486822 0.856483 0.486822 0.856483 0.493363 0.863738 0.481115 0.879370 0.472938 0.874203 0.857051 0.944720 0.848875 0.944720 0.848875 0.922208 0.857051 0.922208 
					</float_array>
					<technique_common>
						<accessor count="1876" offset="0" source="#meshId0-tex0-array" stride="2">
							<param name="S" type="float" />
							<param name="T" type="float" />
						</accessor>
					</technique_common>
				</source>
				<vertices id="meshId0-vertices">
					<input semantic="POSITION" source="#meshId0-positions" />
				</vertices>
				<polylist count="1134" material="defaultMaterial">
					<input offset="0" semantic="VERTEX" source="#meshId0-vertices" />
					<input offset="0" semantic="NORMAL" source="#meshId0-normals" />
					<input offset="0" semantic="TANGENT" source="#meshId0-tangents" />
					<input offset="0" semantic="BINORMAL" source="#meshId0-bitangents" />
					<input offset="0" semantic="TEXCOORD" source="#meshId0-tex0" set="0" />
					<vcount>
						3 3 3 3 3 3 3 3 3 3 3 3 3 3 3 3 3 3 3 3 3 3 3 3 3 3 3 3 3 3 3 3 3 3 3 3 3 3 3 3 3 3 3 3 3 3 3 3 3 3 3 3 3 3 3 3 3 3 3 3 3 3 3 3 
						3 3 3 3 3 3 3 3 3 3 3 3 3 3 3 3 3 3 3 3 3 3 3 3 3 3 3 3 3 3 3 3 3 3 3 3 3 3 3 3 3 3 3 3 3 3 3 3 3 3 3 3 3 3 3 3 3 3 3 3 3 3 3 3 
						3 3 3 3 3 3 3 3 3 3 3 3 3 3 3 3 3 3 3 3 3 3 3 3 3 3 3 3 3 3 3 3 3 3 3 3 3 3 3 3 3 3 3 3 3 3 3 3 3 3 3 3 3 3 3 3 3 3 3 3 3 3 3 3 
						3 3 3 3 3 3 3 3 3 3 3 3 3 3 3 3 3 3 3 3 3 3 3 3 3 3 3 3 3 3 3 3 3 3 3 3 3 3 3 3 3 3 3 3 3 3 3 3 3 3 3 3 3 3 3 3 3 3 3 3 3 3 3 3 
						3 3 3 3 3 3 3 3 3 3 3 3 3 3 3 3 3 3 3 3 3 3 3 3 3 3 3 3 3 3 3 3 3 3 3 3 3 3 3 3 3 3 3 3 3 3 3 3 3 3 3 3 3 3 3 3 3 3 3 3 3 3 3 3 
						3 3 3 3 3 3 3 3 3 3 3 3 3 3 3 3 3 3 3 3 3 3 3 3 3 3 3 3 3 3 3 3 3 3 3 3 3 3 3 3 3 3 3 3 3 3 3 3 3 3 3 3 3 3 3 3 3 3 3 3 3 3 3 3 
						3 3 3 3 3 3 3 3 3 3 3 3 3 3 3 3 3 3 3 3 3 3 3 3 3 3 3 3 3 3 3 3 3 3 3 3 3 3 3 3 3 3 3 3 3 3 3 3 3 3 3 3 3 3 3 3 3 3 3 3 3 3 3 3 
						3 3 3 3 3 3 3 3 3 3 3 3 3 3 3 3 3 3 3 3 3 3 3 3 3 3 3 3 3 3 3 3 3 3 3 3 3 3 3 3 3 3 3 3 3 3 3 3 3 3 3 3 3 3 3 3 3 3 3 3 3 3 3 3 
						3 3 3 3 3 3 3 3 3 3 3 3 3 3 3 3 3 3 3 3 3 3 3 3 3 3 3 3 3 3 3 3 3 3 3 3 3 3 3 3 3 3 3 3 3 3 3 3 3 3 3 3 3 3 3 3 3 3 3 3 3 3 3 3 
						3 3 3 3 3 3 3 3 3 3 3 3 3 3 3 3 3 3 3 3 3 3 3 3 3 3 3 3 3 3 3 3 3 3 3 3 3 3 3 3 3 3 3 3 3 3 3 3 3 3 3 3 3 3 3 3 3 3 3 3 3 3 3 3 
						3 3 3 3 3 3 3 3 3 3 3 3 3 3 3 3 3 3 3 3 3 3 3 3 3 3 3 3 3 3 3 3 3 3 3 3 3 3 3 3 3 3 3 3 3 3 3 3 3 3 3 3 3 3 3 3 3 3 3 3 3 3 3 3 
						3 3 3 3 3 3 3 3 3 3 3 3 3 3 3 3 3 3 3 3 3 3 3 3 3 3 3 3 3 3 3 3 3 3 3 3 3 3 3 3 3 3 3 3 3 3 3 3 3 3 3 3 3 3 3 3 3 3 3 3 3 3 3 3 
						3 3 3 3 3 3 3 3 3 3 3 3 3 3 3 3 3 3 3 3 3 3 3 3 3 3 3 3 3 3 3 3 3 3 3 3 3 3 3 3 3 3 3 3 3 3 3 3 3 3 3 3 3 3 3 3 3 3 3 3 3 3 3 3 
						3 3 3 3 3 3 3 3 3 3 3 3 3 3 3 3 3 3 3 3 3 3 3 3 3 3 3 3 3 3 3 3 3 3 3 3 3 3 3 3 3 3 3 3 3 3 3 3 3 3 3 3 3 3 3 3 3 3 3 3 3 3 3 3 
						3 3 3 3 3 3 3 3 3 3 3 3 3 3 3 3 3 3 3 3 3 3 3 3 3 3 3 3 3 3 3 3 3 3 3 3 3 3 3 3 3 3 3 3 3 3 3 3 3 3 3 3 3 3 3 3 3 3 3 3 3 3 3 3 
						3 3 3 3 3 3 3 3 3 3 3 3 3 3 3 3 3 3 3 3 3 3 3 3 3 3 3 3 3 3 3 3 3 3 3 3 3 3 3 3 3 3 3 3 3 3 3 3 3 3 3 3 3 3 3 3 3 3 3 3 3 3 3 3 
						3 3 3 3 3 3 3 3 3 3 3 3 3 3 3 3 3 3 3 3 3 3 3 3 3 3 3 3 3 3 3 3 3 3 3 3 3 3 3 3 3 3 3 3 3 3 3 3 3 3 3 3 3 3 3 3 3 3 3 3 3 3 3 3 
						3 3 3 3 3 3 3 3 3 3 3 3 3 3 3 3 3 3 3 3 3 3 3 3 3 3 3 3 3 3 3 3 3 3 3 3 3 3 3 3 3 3 3 3 3 3 
					</vcount>
					<p>
						0 1 2 2 3 0 4 5 6 6 7 4 8 9 10 10 11 8 12 13 14 14 15 12 16 17 18 18 19 16 20 21 22 20 22 23 20 23 24 20 24 25 20 25 26 26 27 20 28 29 30 30 31 28 32 33 34 32 34 35 32 35 36 32 36 37 32 37 38 38 39 32 40 41 42 42 43 40 44 45 46 46 47 44 48 49 50 50 51 48 52 53 54 54 55 52 56 57 58 58 59 56 60 61 62 62 63 60 64 65 66 64 66 67 64 67 68 64 68 69 64 69 70 70 71 64 72 73 74 72 74 75 72 75 76 72 76 77 72 77 78 78 79 72 80 81 82 82 83 80 84 85 86 84 86 87 84 87 88 84 88 89 84 89 90 90 91 84 92 93 94 92 94 95 92 95 96 92 96 97 92 97 98 98 99 92 100 101 102 102 103 100 
						104 105 106 106 107 104 108 109 110 110 111 108 112 113 114 114 115 112 116 117 118 118 119 116 120 121 122 122 123 120 124 125 126 126 127 124 128 129 130 130 131 128 132 133 134 134 135 132 136 137 138 138 139 136 140 141 142 142 143 140 144 145 146 144 146 147 144 147 148 144 148 149 144 149 150 150 151 144 152 153 154 154 155 152 156 157 158 158 159 156 160 161 162 160 162 163 160 163 164 160 164 165 160 165 166 166 167 160 168 169 170 170 171 168 172 173 174 174 175 172 176 177 178 178 179 176 180 181 182 182 183 180 184 185 186 186 187 184 188 189 190 190 191 188 192 193 194 194 195 192 196 197 198 198 199 196 200 201 202 202 203 200 204 205 206 206 207 204 208 209 210 210 211 208 212 213 214 214 215 212 216 217 218 218 219 216 220 221 222 222 223 220 
						224 225 226 226 227 224 228 229 230 230 231 228 232 233 234 234 235 232 236 237 238 238 239 236 240 241 242 242 243 240 244 245 246 246 247 244 248 249 250 250 251 248 252 253 254 254 255 252 256 257 258 258 259 256 260 261 262 262 263 260 264 265 266 266 267 264 268 269 270 268 270 271 268 271 272 268 272 273 268 273 274 274 275 268 276 277 278 276 278 279 276 279 280 276 280 281 276 281 282 282 283 276 284 285 286 286 287 284 288 289 290 290 291 288 292 293 294 294 295 292 296 297 298 298 299 296 300 301 302 302 303 300 304 305 306 306 307 304 308 309 310 310 311 308 312 313 314 314 315 312 316 317 318 318 319 316 320 321 322 322 323 320 324 325 326 326 327 324 328 329 330 330 331 328 332 333 334 332 334 335 332 335 336 332 336 337 332 337 338 332 338 339 
						332 339 340 340 341 332 342 343 344 344 345 342 346 347 348 348 349 346 350 351 352 352 353 350 354 355 356 354 356 357 354 357 358 354 358 359 354 359 360 354 360 361 354 361 362 362 363 354 364 365 366 366 367 364 368 369 370 370 371 368 372 373 374 374 375 372 376 377 378 378 379 376 380 381 382 382 383 380 384 385 386 386 387 384 388 389 390 390 391 388 392 388 391 391 393 392 325 392 393 393 326 325 394 395 396 396 397 394 398 394 397 397 399 398 321 398 399 399 322 321 400 401 402 402 403 400 404 399 397 397 405 404 406 407 408 408 409 406 410 411 412 412 413 410 414 410 413 413 415 414 305 414 415 415 306 305 416 417 418 418 419 416 419 418 420 420 421 419 421 420 398 398 321 421 417 422 423 423 418 417 418 423 424 424 420 418 420 424 394 394 398 420 
						422 425 426 426 423 422 423 426 427 427 424 423 424 427 395 395 394 424 428 408 429 429 430 428 430 429 431 431 432 430 432 431 392 392 325 432 408 407 433 433 429 408 429 433 434 434 431 429 431 434 388 388 392 431 407 435 436 436 433 407 433 436 437 437 434 433 434 437 389 389 388 434 438 428 430 430 439 438 439 430 432 432 440 439 440 432 325 325 324 440 441 416 419 419 442 441 442 419 421 421 443 442 443 421 321 321 320 443 444 445 446 446 447 444 448 449 450 450 451 448 452 453 454 454 455 452 456 457 458 458 459 456 460 427 426 426 461 460 462 463 464 464 465 462 466 467 468 468 469 466 470 471 472 472 473 470 409 408 428 428 474 409 475 476 477 477 478 475 479 480 481 481 482 479 483 322 399 399 404 483 484 485 486 486 487 484 488 489 490 490 491 488 
						492 475 478 478 493 492 489 479 482 482 490 489 494 495 471 471 470 494 496 497 467 467 466 496 498 499 500 500 501 498 502 503 504 504 505 502 506 507 508 508 509 506 487 486 510 510 511 487 509 508 512 512 513 509 514 492 493 493 515 514 516 517 518 518 519 516 520 521 522 522 523 520 524 514 515 515 525 524 526 488 491 491 527 526 528 529 503 503 502 528 530 531 499 499 498 530 532 519 533 533 534 532 535 523 536 536 537 535 523 522 538 538 536 523 519 518 539 539 533 519 540 524 525 525 541 540 542 526 527 527 543 542 544 460 461 461 545 544 546 439 440 440 547 546 548 443 320 320 549 548 547 440 324 324 550 547 551 442 443 443 548 551 552 462 465 465 553 552 554 437 436 436 555 554 556 395 427 427 460 556 557 558 559 559 560 557 561 389 437 437 554 561 
						562 563 564 564 565 562 566 567 568 568 569 566 570 561 554 554 571 570 563 557 560 560 564 563 571 554 555 555 572 571 573 556 460 460 544 573 574 562 565 565 575 574 576 577 578 578 579 576 569 568 580 580 581 569 582 583 584 584 585 582 586 552 553 553 587 586 585 584 588 588 589 585 590 591 592 592 593 590 594 574 575 575 595 594 591 586 587 587 592 591 596 597 598 598 599 596 600 601 577 577 576 600 599 598 602 602 603 599 604 605 606 606 607 604 608 609 610 610 611 608 612 613 614 614 615 612 616 617 618 618 619 616 615 614 620 620 621 615 619 618 622 622 623 619 624 625 626 626 627 624 628 629 630 630 631 628 632 594 595 595 633 632 629 590 593 593 630 629 634 635 609 609 608 634 636 637 605 605 604 636 638 639 640 640 641 638 642 638 641 641 643 642 
						644 645 646 646 647 644 627 626 648 648 649 627 647 646 650 650 651 647 652 632 633 633 653 652 654 655 656 656 657 654 658 659 660 660 661 658 662 654 657 657 663 662 664 665 666 666 667 664 661 660 668 668 669 661 670 671 672 672 673 670 674 675 676 676 677 674 673 672 678 678 679 673 680 681 682 682 683 680 684 662 663 663 685 684 681 674 677 677 682 681 686 687 688 688 689 686 690 691 665 665 664 690 689 688 692 692 693 689 694 695 696 696 697 694 698 699 700 700 701 698 702 703 704 704 705 702 706 707 708 708 709 706 705 704 710 710 711 705 709 708 712 712 713 709 714 715 716 716 717 714 718 719 720 720 721 718 722 684 685 685 723 722 719 680 683 683 720 719 724 725 699 699 698 724 726 727 695 695 694 726 728 729 730 730 731 728 732 728 731 731 733 732 
						734 735 736 736 737 734 717 716 738 738 739 717 737 736 740 740 741 737 742 722 723 723 743 742 744 745 746 747 748 749 750 751 752 753 754 755 756 757 758 758 759 756 760 761 762 762 763 760 764 765 766 767 768 769 770 771 772 772 773 770 774 775 776 776 777 774 778 779 780 778 780 781 778 781 782 778 782 783 778 783 784 778 784 785 778 785 786 778 786 787 787 788 778 789 790 791 791 792 789 793 794 795 795 796 793 797 798 799 799 800 797 801 802 803 801 803 804 801 804 805 801 805 806 801 806 807 801 807 808 801 808 809 801 809 810 810 811 801 812 813 814 814 815 812 816 817 818 818 819 816 820 821 822 822 823 820 824 825 826 826 827 824 828 829 830 830 831 828 832 833 834 834 835 832 836 837 838 838 839 836 840 841 842 842 843 840 844 845 846 846 847 844 
						848 849 850 850 851 848 852 853 854 854 855 852 856 857 858 858 859 856 860 861 862 862 863 860 864 865 866 866 867 864 868 869 870 870 871 868 872 873 874 874 875 872 876 877 878 878 879 876 880 881 882 882 883 880 884 885 886 886 887 884 888 884 887 887 889 888 890 540 541 541 891 890 892 542 543 543 893 892 894 520 523 523 535 894 895 516 519 519 532 895 896 897 898 896 898 899 896 899 900 896 900 901 901 902 896 903 904 905 903 905 906 903 906 907 903 907 908 908 909 903 910 911 912 912 913 910 914 915 916 914 916 917 914 917 918 914 918 919 919 920 914 921 922 923 923 924 921 925 926 927 927 928 925 929 930 931 931 932 929 933 934 935 935 936 933 937 938 939 939 940 937 941 942 943 943 944 941 945 946 947 945 947 948 945 948 949 945 949 950 950 951 945 
						952 953 954 954 955 952 956 957 958 958 959 956 960 961 962 962 963 960 964 965 966 966 967 964 968 969 970 970 971 968 972 973 974 974 975 972 976 977 978 978 979 976 980 981 982 982 983 980 984 985 986 986 987 984 988 989 990 988 990 991 988 991 992 988 992 993 988 993 994 994 995 988 996 997 998 998 999 996 1000 1001 1002 1002 1003 1000 1004 1005 1006 1006 1007 1004 1008 1009 1010 1010 1011 1008 1012 1013 1014 1014 1015 1012 1016 1017 1018 1018 1019 1016 1020 1021 1022 1022 1023 1020 1024 1025 1026 1026 1027 1024 1028 1029 1030 1030 1031 1028 1032 1033 1034 1034 1035 1032 1036 1037 1038 1038 1039 1036 1040 1041 1042 1042 1043 1040 1044 1045 1046 1046 1047 1044 1048 1049 1050 1048 1050 1051 1048 1051 1052 1048 1052 1053 1048 1053 1054 1054 1055 1048 1056 1057 1058 1058 1059 1056 1060 1061 1062 1062 1063 1060 1064 1065 1066 1066 1067 1064 1068 1069 1070 1070 1071 1068 
						1072 1073 1074 1074 1075 1072 1076 1077 1078 1078 1079 1076 1080 1081 1082 1082 1083 1080 1084 1085 1086 1086 1087 1084 1088 1089 1090 1090 1091 1088 1092 1093 1094 1094 1095 1092 1096 1097 1098 1098 1099 1096 1100 1101 1102 1100 1102 1103 1100 1103 1104 1100 1104 1105 1100 1105 1106 1106 1107 1100 1108 1109 1110 1110 1111 1108 1112 1113 1114 1114 1115 1112 1116 1117 1118 1118 1119 1116 1120 1121 1122 1122 1123 1120 1124 1125 1126 1126 1127 1124 1128 1129 1130 1130 1131 1128 1132 1133 1134 1134 1135 1132 1136 1137 1138 1138 1139 1136 1140 1141 1142 1142 1143 1140 1144 1145 1146 1146 1147 1144 1148 1149 1150 1150 1151 1148 1152 1153 1154 1154 1155 1152 1156 1157 1158 1158 1159 1156 1160 1161 1162 1160 1162 1163 1160 1163 1164 1160 1164 1165 1160 1165 1166 1166 1167 1160 1168 1169 1170 1170 1171 1168 1172 1173 1174 1174 1175 1172 1176 1177 1178 1178 1179 1176 1180 1181 1182 1182 1183 1180 1184 1185 1186 1186 1187 1184 1188 1189 1190 1190 1191 1188 
						1192 1193 1194 1194 1195 1192 1196 1197 1198 1198 1199 1196 1200 1201 1202 1202 1203 1200 1204 1205 1206 1206 1207 1204 1208 1209 1210 1210 1211 1208 1212 1213 1214 1212 1214 1215 1212 1215 1216 1212 1216 1217 1212 1217 1218 1218 1219 1212 1220 1221 1222 1222 1223 1220 1224 1225 1226 1226 1227 1224 1228 1229 1230 1230 1231 1228 1232 1233 1234 1234 1235 1232 1236 1237 1238 1238 1239 1236 1240 1241 1242 1242 1243 1240 1244 1245 1246 1246 1247 1244 1248 1249 1250 1250 1251 1248 1252 1253 1254 1254 1255 1252 1256 1257 1258 1258 1259 1256 1260 1261 1262 1262 1263 1260 1264 1265 1266 1266 1267 1264 1268 1269 1270 1270 1271 1268 1272 1273 1274 1272 1274 1275 1272 1275 1276 1272 1276 1277 1272 1277 1278 1278 1279 1272 1280 1281 1282 1282 1283 1280 1284 1285 1286 1286 1287 1284 1288 1289 1290 1290 1291 1288 1292 1293 1294 1294 1295 1292 1296 1297 1298 1298 1299 1296 1300 1301 1302 1302 1303 1300 1304 1305 1306 1306 1307 1304 1308 1309 1310 1310 1311 1308 
						1312 1313 1314 1314 1315 1312 1316 1317 1318 1318 1319 1316 1320 1321 1322 1322 1323 1320 1324 1325 1326 1324 1326 1327 1324 1327 1328 1324 1328 1329 1324 1329 1330 1330 1331 1324 1332 1333 1334 1334 1335 1332 1336 1337 1338 1338 1339 1336 1340 1341 1342 1342 1343 1340 1344 1345 1346 1346 1347 1344 1348 1349 1350 1350 1351 1348 1352 1353 1354 1354 1355 1352 1356 1357 1358 1358 1359 1356 1360 1361 1362 1362 1363 1360 1364 1365 1366 1366 1367 1364 1368 1369 1370 1370 1371 1368 1372 1373 1374 1374 1375 1372 1376 1377 1378 1378 1379 1376 1380 1381 1382 1382 1383 1380 1384 1385 1386 1384 1386 1387 1384 1387 1388 1384 1388 1389 1384 1389 1390 1390 1391 1384 1392 1393 1394 1394 1395 1392 1396 1397 1398 1398 1399 1396 1400 1401 1402 1402 1403 1400 1404 1405 1406 1406 1407 1404 1408 1409 1410 1410 1411 1408 1412 1413 1414 1414 1415 1412 1416 1417 1418 1418 1419 1416 1420 1421 1422 1422 1423 1420 1424 1425 1426 1426 1427 1424 1428 1429 1430 1430 1431 1428 
						1432 1433 1434 1434 1435 1432 1436 1437 1438 1436 1438 1439 1436 1439 1440 1436 1440 1441 1436 1441 1442 1442 1443 1436 1444 1445 1446 1446 1447 1444 1448 1449 1450 1450 1451 1448 1452 1453 1454 1454 1455 1452 1456 1457 1458 1458 1459 1456 1460 1461 1462 1462 1463 1460 1464 1465 1466 1466 1467 1464 1468 1469 1470 1470 1471 1468 1472 1473 1474 1474 1475 1472 1476 1477 1478 1478 1479 1476 1480 1481 1482 1482 1483 1480 1484 1485 1486 1486 1487 1484 1488 1489 1490 1490 1491 1488 1492 1493 1494 1494 1495 1492 1496 1497 1498 1496 1498 1499 1496 1499 1500 1496 1500 1501 1496 1501 1502 1502 1503 1496 1504 1505 1506 1506 1507 1504 1508 1509 1510 1510 1511 1508 1512 1513 1514 1514 1515 1512 1516 1517 1518 1518 1519 1516 1520 1521 1522 1522 1523 1520 1524 1525 1526 1526 1527 1524 1528 1529 1530 1530 1531 1528 1532 1533 1534 1534 1535 1532 1536 1537 1538 1538 1539 1536 1540 1541 1542 1542 1543 1540 1544 1545 1546 1546 1547 1544 1548 1549 1550 1548 1550 1551 
						1548 1551 1552 1548 1552 1553 1548 1553 1554 1554 1555 1548 1556 1557 1558 1558 1559 1556 1560 1561 1562 1562 1563 1560 1564 1565 1566 1566 1567 1564 1568 1569 1570 1570 1571 1568 1572 1573 1574 1574 1575 1572 1576 1577 1578 1578 1579 1576 1580 1581 1582 1582 1583 1580 1584 1585 1586 1586 1587 1584 1588 1589 1590 1590 1591 1588 1592 1593 1594 1594 1595 1592 1596 1597 1598 1598 1599 1596 1600 1601 1602 1602 1603 1600 1604 1605 1606 1606 1607 1604 1608 1609 1610 1608 1610 1611 1608 1611 1612 1608 1612 1613 1608 1613 1614 1614 1615 1608 1616 1617 1618 1618 1619 1616 1620 1621 1622 1622 1623 1620 1624 1625 1626 1626 1627 1624 1628 1629 1630 1630 1631 1628 1632 1633 1634 1634 1635 1632 1636 1637 1638 1638 1639 1636 1640 1641 1642 1642 1643 1640 1644 1645 1646 1646 1647 1644 1648 1649 1650 1650 1651 1648 1652 1653 1654 1654 1655 1652 1656 1657 1658 1658 1659 1656 1660 1661 1662 1660 1662 1663 1660 1663 1664 1660 1664 1665 1660 1665 1666 1666 1667 1660 
						1668 1669 1670 1670 1671 1668 1672 1673 1674 1674 1675 1672 1676 1677 1678 1678 1679 1676 1680 1681 1682 1682 1683 1680 1684 1685 1686 1686 1687 1684 1688 1689 1690 1690 1691 1688 1692 1693 1694 1694 1695 1692 1696 1697 1698 1698 1699 1696 1700 1701 1702 1702 1703 1700 1704 1705 1706 1706 1707 1704 1708 1709 1710 1710 1711 1708 1712 1713 1714 1714 1715 1712 1716 1717 1718 1718 1719 1716 1720 1721 1722 1720 1722 1723 1720 1723 1724 1720 1724 1725 1720 1725 1726 1726 1727 1720 1728 1729 1730 1730 1731 1728 1732 1733 1734 1734 1735 1732 1736 1737 1738 1738 1739 1736 1740 1741 1742 1742 1743 1740 1744 1745 1746 1746 1747 1744 1748 1749 1750 1750 1751 1748 1752 1753 1754 1754 1755 1752 1756 1757 1758 1758 1759 1756 1760 1761 1762 1762 1763 1760 1764 1765 1766 1766 1767 1764 1768 1769 1770 1770 1771 1768 1772 1773 1774 1772 1774 1775 1772 1775 1776 1772 1776 1777 1772 1777 1778 1778 1779 1772 1780 1781 1782 1782 1783 1780 1784 1785 1786 1786 1787 1784 
						1788 1789 1790 1790 1791 1788 1792 1793 1794 1794 1795 1792 1796 1797 1798 1798 1799 1796 1800 1801 1802 1802 1803 1800 1804 1805 1806 1806 1807 1804 1808 1809 1810 1810 1811 1808 1812 1813 1814 1814 1815 1812 1816 1817 1818 1818 1819 1816 1820 1821 1822 1822 1823 1820 1824 1825 1826 1826 1827 1824 1828 1829 1830 1830 1831 1828 1832 1833 1834 1832 1834 1835 1832 1835 1836 1832 1836 1837 1832 1837 1838 1838 1839 1832 1840 1841 1842 1842 1843 1840 1844 1845 1846 1846 1847 1844 1848 1849 1850 1850 1851 1848 1852 1853 1854 1854 1855 1852 1856 1857 1858 1858 1859 1856 1860 1861 1862 1862 1863 1860 1864 1865 1866 1866 1867 1864 1868 1869 1870 1870 1871 1868 1872 1873 1874 1874 1875 1872 
					</p>
				</polylist>
			</mesh>
		</geometry>
	</library_geometries>
	<library_visual_scenes>
		<visual_scene id="RootNode" name="RootNode">
			<node id="Cylinder.003" name="Cylinder.003">
				<matrix>7.502705 34.380287 0.000028 -25.069582 0.000000 -0.000014 72.294716 187.413116 34.380287 -7.502705 -0.000006 15.819931 0.000000 0.000000 0.000000 1.000000</matrix>
				<instance_geometry url="#meshId0">
					<bind_material>
						<technique_common>
							<instance_material symbol="defaultMaterial" target="#Material" />
						</technique_common>
					</bind_material>
				</instance_geometry>
			</node>
		</visual_scene>
	</library_visual_scenes>
	<scene>
		<instance_visual_scene url="#RootNode" />
	</scene>
</COLLADA>
